StartDate,EndDate,IPAddress,Progress,Duration (in seconds),Finished,ResponseId,LocationLatitude,LocationLongitude,DistributionChannel,da_con_trust,da_lib_trust,ra_con_trust,ra_lib_trust,da_con_gender,da_lib_gender,ra_con_gender,ra_lib_gender,da_con_race,da_lib_race,ra_con_race,ra_lib_race,da_con_emo,da_lib_emo,ra_con_emo,ra_lib_emo,da_con_threat,da_con_support,da_con_join,da_con_appropriate,da_lib_threat,da_lib_support,da_lib_join,da_lib_appropriate,ra_con_threat,ra_con_support,ra_con_join,ra_con_appropriate,ra_lib_threat,ra_lib_support,ra_lib_join,ra_lib_appropriate,age,sex,race,data_use,mTurkCode
10/26/2017 12:22,10/26/2017 12:28,128.59.199.242,100,348,1,R_2bVQjRRFlXGYSE2,40.80059814,-73.96530151,anonymous,5,5,5,5,5,5,5,5,5,5,5,5,5,5,5,5,5,5,5,5,5,5,5,5,5,5,5,5,5,5,5,5,99,2,5,1,4772595828
10/26/2017 13:03,10/26/2017 13:05,75.133.243.227,100,103,1,R_2fuEDJzFlt809sm,43.37919617,-84.667099,anonymous,7,7,7,7,9,9,3,6,5,1,1,5,7,9,3,8,2,5,5,5,1,1,5,7,4,5,5,5,3,5,1,5,35,1,1,4,1057746290
10/26/2017 13:01,10/26/2017 13:05,206.211.104.1,100,205,1,R_BRpP43bOFeiCzKN,37.50230408,-77.56929779,anonymous,7,6,3,6,8,8,2,8,3,2,1,2,7,5,2,6,3,3,1,5,3,5,1,5,7,1,1,5,3,5,5,5,36,2,1,4,9477775748
10/26/2017 13:02,10/26/2017 13:05,74.130.144.133,100,193,1,R_Ui2wIBlJNVMuCJz,38.75840759,-85.80799866,anonymous,9,9,1,5,9,9,1,9,1,1,1,1,3,7,1,5,1,9,1,9,1,9,1,9,9,9,1,9,1,9,1,9,37,2,2,4,7194982464
10/26/2017 13:01,10/26/2017 13:05,107.10.205.75,100,243,1,R_1eLUK7pN2ET8wyx,41.44520569,-81.69960022,anonymous,6,6,9,6,9,9,1,9,6,1,2,1,5,6,1,5,2,6,5,6,5,6,6,6,9,1,1,3,5,7,6,5,59,2,1,4,7219703658
10/26/2017 13:10,10/26/2017 13:12,70.187.80.244,100,100,1,R_3lVUphTf8iOGnPK,29.64689636,-82.35590363,anonymous,6,6,6,6,7,7,7,6,4,4,3,4,6,7,4,4,4,6,6,6,2,6,6,6,5,6,6,6,3,6,6,7,24,1,1,4,1741463794
10/26/2017 13:14,10/26/2017 13:17,108.245.192.125,100,158,1,R_3np9iO9XiRiPuJP,34.09049988,-118.1343994,anonymous,5,5,5,6,8,8,2,8,2,2,2,2,5,5,3,5,2,5,5,7,2,5,5,7,5,5,5,7,2,5,5,7,46,1,4,4,2564404286
10/26/2017 13:38,10/26/2017 13:41,67.11.212.123,100,147,1,R_RJ2lOvGGmSRlkLT,29.58340454,-98.3993988,anonymous,5,7,2,9,5,5,2,5,2,2,1,1,7,6,2,5,2,5,5,5,3,5,5,5,8,1,5,3,2,5,5,5,34,1,1,4,9651913880
10/26/2017 13:45,10/26/2017 13:47,208.163.53.97,100,172,1,R_2E4YSWf1Z5FbNQM,18,-76.80000305,anonymous,5,7,4,6,7,8,3,8,8,3,2,3,8,8,3,8,3,6,5,5,2,7,6,7,6,4,4,5,7,7,7,7,30,1,2,4,2578572207
10/26/2017 16:01,10/26/2017 16:04,167.246.61.10,100,175,1,R_1gokeUVkt7cliKF,34.00390625,-118.4337997,anonymous,6,6,3,5,3,9,1,9,1,1,1,1,8,8,2,8,2,5,1,5,2,5,5,5,7,5,5,8,2,5,5,5,29,1,5,4,4923337707
10/26/2017 16:02,10/26/2017 16:05,76.175.138.29,100,207,1,R_3Gw9IGlYeqy2RaX,33.97279358,-118.3526993,anonymous,5,6,5,7,7,9,4,8,2,1,1,1,7,6,4,7,4,6,7,5,1,5,5,6,4,4,4,5,4,6,6,5,24,2,3,4,8868480753
10/26/2017 16:03,10/26/2017 16:06,198.72.184.82,100,178,1,R_21gLzIIxcNidh6R,34.52000427,-118.0834961,anonymous,5,5,4,5,8,8,2,8,3,3,3,3,7,7,2,7,1,5,1,5,1,5,1,5,7,5,1,5,1,5,1,5,33,2,4,4,6391976126
10/26/2017 16:04,10/26/2017 16:06,50.84.78.146,100,128,1,R_2dtOLhKs8wGKKg3,29.5697937,-98.6160965,anonymous,5,5,4,5,8,8,2,8,3,3,3,3,5,5,3,6,3,5,5,5,3,5,5,5,6,5,4,5,1,5,5,5,18,2,1,4,2572860341
10/26/2017 16:03,10/26/2017 16:06,98.5.191.218,100,148,1,R_1K2Z1U5aMdiVSts,43.1750946,-78.7378006,anonymous,5,5,3,5,5,9,1,9,1,1,1,1,5,7,1,5,5,1,1,5,1,3,1,1,8,1,1,1,1,1,1,1,31,1,1,4,3884030278
10/26/2017 16:03,10/26/2017 16:07,76.106.229.0,100,269,1,R_6QpX2yQzIywL9Tj,30.12939453,-81.77749634,anonymous,7,7,4,7,1,6,1,8,1,1,1,1,9,9,1,9,1,7,7,9,1,5,3,7,9,3,1,5,1,7,7,7,24,1,3,4,7816540380
10/26/2017 16:06,10/26/2017 16:08,138.128.246.205,100,79,1,R_1pmbYNJZC2gUbOE,40.73910522,-73.98259735,anonymous,8,9,7,8,9,9,7,7,7,8,8,7,8,9,8,8,7,7,7,8,7,7,7,7,7,7,7,9,7,7,7,8,22,1,2,1,2133798171
10/26/2017 16:24,10/26/2017 16:29,96.253.4.46,100,295,1,R_3LZ1t8i8H7Pkwx6,41.72990417,-71.2582016,anonymous,7,8,2,7,9,9,1,9,1,1,1,1,7,7,2,7,1,6,9,5,1,6,6,6,9,2,2,5,1,6,7,6,34,2,1,4,5404859036
10/26/2017 16:41,10/26/2017 16:43,97.81.245.67,100,147,1,R_3fN5aoEtpJoDm77,33.70610046,-86.82379913,anonymous,6,5,5,5,5,6,5,5,5,5,2,5,5,5,5,4,4,5,5,4,5,5,5,5,6,5,5,5,5,5,5,6,25,2,1,4,594011778
10/26/2017 16:48,10/26/2017 16:51,107.77.233.20,100,128,1,R_1eS6ky06V3CRYqo,37.75100708,-97.8219986,anonymous,7,7,4,7,8,8,2,7,3,3,3,2,7,8,3,7,3,7,7,7,2,8,7,8,3,5,3,3,2,7,7,7,24,2,1,4,123011182
10/26/2017 17:31,10/26/2017 17:34,76.17.14.55,100,187,1,R_1KrPCj052izBpNZ,33.86019897,-84.76540375,anonymous,6,6,3,7,9,9,1,9,9,2,1,3,8,8,3,9,1,3,5,5,1,5,5,5,3,5,5,5,2,5,2,5,34,2,1,4,7195783714
10/26/2017 17:32,10/26/2017 17:35,69.36.57.162,100,170,1,R_RUEzYEaW0Ic8JeV,43.4967041,-85.42340088,anonymous,5,6,3,6,7,6,1,7,4,3,3,3,7,8,2,7,2,5,7,5,2,7,5,5,7,2,3,2,2,5,5,5,29,2,1,4,5247247983
10/26/2017 17:33,10/26/2017 17:35,75.186.42.48,100,128,1,R_3HpkB3cqpB7VE6k,39.76489258,-84.07800293,anonymous,3,2,4,5,9,9,9,9,1,1,1,1,8,8,1,9,3,2,2,7,2,2,1,1,8,3,3,8,1,1,2,5,29,2,1,4,4582463172
10/26/2017 17:32,10/26/2017 17:36,186.93.70.245,100,264,1,R_3fiv8YZWk4qLtTz,8,-66,anonymous,7,8,2,8,9,9,1,9,1,1,1,1,8,6,1,9,8,5,5,6,2,6,5,6,9,2,2,2,1,6,6,6,36,1,3,4,6877063312
10/26/2017 17:33,10/26/2017 17:37,108.71.37.99,100,243,1,R_27VWzClBepwbh8n,34.40649414,-118.4015045,anonymous,1,3,4,4,7,3,1,7,3,3,2,3,7,8,4,9,1,5,1,5,3,5,1,5,4,5,5,6,1,5,5,5,34,2,1,4,6496309312
10/26/2017 17:38,10/26/2017 17:41,104.176.174.64,100,183,1,R_1NsReCFR7BFreIw,34.75280762,-86.69010162,anonymous,5,5,5,5,5,6,2,5,3,3,3,3,8,6,5,7,5,5,5,5,2,5,5,5,5,5,8,5,3,5,5,5,27,2,1,4,7479401943
10/26/2017 17:43,10/26/2017 17:45,71.234.209.182,100,125,1,R_3awBxUx668hzWRr,41.52430725,-72.07589722,anonymous,5,5,1,5,9,9,1,9,1,2,1,1,7,9,2,8,1,5,1,7,1,1,1,5,9,1,1,5,7,5,1,5,30,1,1,3,1646017181
10/26/2017 17:48,10/26/2017 17:50,73.144.111.74,100,125,1,R_3FUJpDJvQrayGfb,42.64390564,-83.05039978,anonymous,5,6,2,5,5,5,2,5,4,5,2,5,5,5,2,4,3,5,5,6,5,5,6,6,2,2,2,2,6,5,5,5,44,2,1,4,6295010871
10/26/2017 17:31,10/26/2017 18:12,70.188.200.68,100,2436,1,R_2Yh2LCC1FQ6tTuJ,33.59089661,-112.3311005,anonymous,5,7,5,7,3,7,5,6,5,5,4,2,4,6,6,5,5,5,6,6,6,5,5,5,5,5,5,7,6,6,5,5,27,2,3,1,5142120649
10/26/2017 19:05,10/26/2017 19:07,73.74.168.236,100,133,1,R_3O2CV3ZEdCy292U,41.88760376,-87.63680267,anonymous,6,6,1,6,7,5,3,5,5,3,2,3,7,6,3,6,3,4,2,7,6,1,2,5,7,1,1,4,2,3,1,3,28,1,1,4,2843345846
10/26/2017 19:05,10/26/2017 19:07,24.246.101.242,100,164,1,R_1rAYGU0RzfzjeR7,40.95129395,-73.87729645,anonymous,6,7,3,5,7,2,2,7,2,6,2,4,6,7,2,7,3,5,5,5,3,5,5,6,8,1,3,4,5,6,5,6,37,1,1,4,7368324967
10/26/2017 19:05,10/26/2017 19:08,173.239.240.9,100,169,1,R_1Bwg0AnhTNomBZ7,41.84829712,-87.65170288,anonymous,8,8,1,6,9,9,1,9,1,1,1,1,9,7,1,9,1,7,6,6,1,6,7,8,9,1,1,3,2,2,4,8,33,2,5,4,7078349427
10/26/2017 19:05,10/26/2017 19:09,198.7.58.97,100,225,1,R_wQWstvf8YLfRnDr,38.77009583,-77.63210297,anonymous,4,4,4,4,8,8,1,8,1,1,1,2,7,4,2,6,5,5,1,5,3,1,1,6,7,1,1,5,3,5,1,5,45,2,1,4,5673518949
10/26/2017 19:06,10/26/2017 19:09,98.111.239.144,100,183,1,R_3RsmpFfMIzEaZdH,40.27130127,-80.17019653,anonymous,5,5,3,5,7,7,1,9,1,1,1,1,6,6,2,5,1,4,1,9,1,4,1,9,3,4,1,9,5,4,1,9,28,2,1,4,4366223426
10/26/2017 19:10,10/26/2017 19:13,107.199.141.244,100,220,1,R_aViNKBe7xpTnET7,41.40260315,-81.83370209,anonymous,1,1,1,1,8,9,1,8,4,3,1,2,5,7,1,7,3,4,3,3,6,1,7,2,9,1,3,1,6,2,1,6,42,2,1,4,4963191878
10/26/2017 19:17,10/26/2017 19:20,173.69.9.81,100,172,1,R_PM7bs9O81pHax9v,41.70080566,-71.39219666,anonymous,5,5,6,6,9,9,1,1,3,8,2,3,6,6,3,7,3,5,5,6,4,3,5,6,7,6,5,6,4,5,5,6,27,1,1,4,1387331789
10/26/2017 19:19,10/26/2017 19:21,45.56.57.232,100,164,1,R_r0YTiLjVSkr1lfP,40.22639465,-111.6969986,anonymous,6,6,2,6,7,8,2,3,2,3,2,2,6,5,3,8,3,6,6,5,2,6,6,6,2,3,1,4,2,6,6,6,24,1,3,4,8206511913
10/26/2017 20:38,10/26/2017 20:40,24.101.79.134,100,122,1,R_ptlCpT189NMlFdf,38.34150696,-82.51799774,anonymous,5,5,3,5,5,5,5,5,5,5,3,5,5,5,1,5,1,5,5,5,3,3,5,5,9,5,1,5,1,3,5,5,25,1,1,4,7317627077
10/26/2017 20:37,10/26/2017 20:40,74.143.141.90,100,141,1,R_enetkI6IIuiXGBH,38.25169373,-85.75440216,anonymous,9,9,5,9,9,9,1,9,1,1,1,1,9,9,1,9,1,9,9,7,1,9,9,5,9,9,4,7,1,9,9,9,30,1,1,4,4461082839
10/26/2017 20:38,10/26/2017 20:41,73.215.82.226,100,160,1,R_24u7fp9ETebylfB,40.09559631,-74.10949707,anonymous,3,5,1,6,5,6,1,6,1,4,1,4,9,9,1,9,5,5,5,5,1,5,5,5,9,4,4,5,1,5,5,5,23,1,1,4,8387522725
10/26/2017 20:38,10/26/2017 20:41,72.204.33.63,100,201,1,R_ysWJcleX1tsbNVT,36.17370605,-94.08000183,anonymous,7,8,4,7,8,7,3,8,1,1,1,1,7,7,7,7,2,2,2,6,2,5,2,4,7,2,2,5,2,2,2,5,34,2,1,4,1280959975
10/26/2017 20:40,10/26/2017 20:42,74.143.141.90,100,99,1,R_0P6aXFzkzAtvVGF,38.25169373,-85.75440216,anonymous,6,7,7,3,6,8,1,7,9,3,3,3,2,8,3,9,1,3,7,8,3,3,6,3,5,3,7,7,4,8,7,4,30,1,1,3,8667043717
10/26/2017 20:38,10/26/2017 20:42,174.239.1.205,100,243,1,R_ZHJvASl4qYVq1Dr,41.7816925,-84.60469818,anonymous,6,6,3,6,7,7,2,7,3,3,2,3,5,5,3,6,5,5,5,8,5,5,5,8,7,5,5,7,2,5,5,9,41,2,1,4,577545697
10/26/2017 20:39,10/26/2017 20:43,104.35.144.168,100,208,1,R_12xs2AEpLsup6DU,34.17489624,-118.6152039,anonymous,5,7,3,6,8,9,1,9,3,2,1,3,6,5,1,5,3,5,3,5,3,6,3,6,8,1,1,3,3,5,3,5,46,1,1,4,8877818617
10/26/2017 20:39,10/26/2017 20:44,174.71.41.86,100,298,1,R_1P6ML3fc276i2vQ,41.29930115,-96.16660309,anonymous,6,6,2,5,7,7,3,6,4,3,3,3,7,6,1,7,2,3,2,3,3,6,3,7,2,1,1,5,2,6,3,4,37,1,1,4,5205868799
10/26/2017 20:38,10/26/2017 20:45,69.24.180.53,100,435,1,R_27rDP4ffNxlZvCb,44.13079834,-94,anonymous,9,9,4,9,9,9,4,9,1,1,1,5,9,8,3,6,1,9,8,9,3,9,9,8,7,6,8,7,3,9,6,9,28,2,1,3,6611985192
10/26/2017 20:54,10/26/2017 20:57,173.18.1.250,100,196,1,R_1pR0fxyVyzfdC0b,30.8717041,-83.33339691,anonymous,8,9,3,9,9,9,1,9,2,1,1,1,6,8,2,7,2,7,7,8,2,9,9,8,8,2,4,7,2,9,9,9,32,2,1,4,1960904389
10/26/2017 22:12,10/26/2017 22:15,71.90.171.141,100,192,1,R_ZELzVcgo51ZHMoF,32.72349548,-97.46250153,anonymous,5,5,5,5,7,7,4,7,3,3,4,3,7,7,4,7,3,5,3,5,2,5,3,5,6,5,5,5,3,5,3,5,52,1,1,4,9043724918
10/26/2017 22:12,10/26/2017 22:15,172.58.184.163,100,226,1,R_12sY17jtcPRXiEq,39.28199768,-76.69490051,anonymous,7,7,2,7,7,4,4,7,2,2,2,2,9,6,2,7,2,9,9,6,2,7,9,7,7,6,6,6,4,9,9,7,38,1,1,4,884176405
10/26/2017 22:14,10/26/2017 22:16,98.150.200.72,100,138,1,R_YSarVPaiwmtTMSB,21.4539032,-157.829895,anonymous,7,7,6,7,3,7,3,7,3,4,3,3,7,3,3,7,3,5,5,5,3,7,5,5,7,5,5,3,3,5,3,5,31,1,1,3,2345774775
10/26/2017 22:16,10/26/2017 22:19,75.140.94.157,100,175,1,R_1rcXmgYlEtoFJ07,34.14700317,-118.1391983,anonymous,6,4,4,7,9,9,3,9,2,5,1,2,5,4,2,5,5,5,5,5,3,4,5,5,4,3,3,5,2,5,5,5,35,2,1,4,5274778558
10/26/2017 22:17,10/26/2017 22:20,47.34.121.151,100,189,1,R_1LzeX5zZbFwsf6d,38.42379761,-91.00630188,anonymous,5,7,1,4,7,2,5,3,5,7,1,3,7,3,5,5,5,4,1,5,3,5,3,4,7,6,1,7,1,5,3,4,27,1,4,3,1699799598
10/26/2017 22:18,10/26/2017 22:20,198.27.221.168,100,154,1,R_1LXzdRkHrMBLwuo,37.77720642,-122.493103,anonymous,3,3,3,3,2,2,1,2,2,2,1,1,2,1,1,1,8,3,2,2,7,2,2,6,1,2,2,1,2,2,2,2,29,1,4,3,9247336257
10/26/2017 22:18,10/26/2017 22:20,203.223.190.79,100,145,1,R_21tFQzT8JcSHTB8,10.99249268,76.96139526,anonymous,7,4,6,8,9,4,9,9,2,1,2,8,6,9,7,7,6,4,3,5,8,4,5,3,5,7,7,6,4,8,5,9,26,2,3,3,7129693557
10/26/2017 22:18,10/26/2017 22:22,67.44.160.175,100,198,1,R_sSQQZDl39NRq30B,43.03889465,-87.90650177,anonymous,6,6,3,5,9,9,2,8,3,3,2,3,7,7,1,8,6,7,5,7,2,7,7,8,8,5,5,5,3,7,8,7,24,2,2,3,7515045851
10/26/2017 22:19,10/26/2017 22:23,69.130.151.169,100,224,1,R_1Cf5bLrwWaFjC3o,36.17179871,-86.49040222,anonymous,7,6,3,6,8,6,3,7,4,4,3,4,6,6,3,7,3,6,5,7,3,5,5,6,8,4,5,7,1,5,5,6,28,1,1,4,5033068173
10/26/2017 23:44,10/26/2017 23:47,67.240.134.184,100,168,1,R_2XhN9P87xcjAAuz,42.98980713,-78.2220993,anonymous,6,8,2,8,4,5,1,9,1,1,1,1,8,6,1,7,1,7,7,7,1,7,6,7,8,2,2,4,6,6,7,7,29,1,1,4,6378458482
10/26/2017 23:45,10/26/2017 23:47,68.60.172.234,100,127,1,R_50CNgD7KBFO9z7r,42.73640442,-83.03739929,anonymous,6,7,3,3,9,9,1,9,1,4,3,3,7,9,1,7,1,3,3,5,3,3,1,5,7,3,1,3,3,3,3,5,25,1,1,4,2187479339
10/26/2017 23:45,10/26/2017 23:47,73.78.175.205,100,167,1,R_1hA4JEhCc25JmyI,39.74279785,-104.8996964,anonymous,7,8,5,8,8,8,2,8,2,2,2,2,9,9,3,9,1,8,7,8,1,8,7,8,6,7,7,7,1,9,2,8,26,1,1,4,7644858896
10/26/2017 23:45,10/26/2017 23:48,47.208.26.239,100,187,1,R_3JsFbBdkZD1Oiv0,40.85360718,-124.0502014,anonymous,7,6,4,7,9,9,1,9,1,1,1,3,7,7,1,4,1,5,5,5,1,5,5,5,7,3,3,4,1,6,4,5,25,1,1,4,9397448184
10/26/2017 23:48,10/26/2017 23:51,65.128.11.172,100,170,1,R_2dWUfjQ5IleIdSj,39.54870605,-105.1744995,anonymous,8,6,5,7,7,9,1,8,6,1,1,2,7,7,1,7,1,7,6,7,1,7,6,8,7,6,5,8,1,7,6,7,38,2,2,4,2078148066
10/26/2017 23:48,10/26/2017 23:54,73.21.160.102,100,383,1,R_3n94mWrJ5c4ksZw,29.12519836,-82.00289917,anonymous,6,7,4,5,6,7,3,8,3,2,2,2,8,6,2,7,2,5,4,7,4,6,4,6,7,5,4,5,3,5,5,6,30,2,2,4,8479971825
10/26/2017 23:50,10/26/2017 23:57,107.211.221.164,100,417,1,R_22mqCAiXDhkMdeW,30.84359741,-90.06300354,anonymous,5,5,1,5,8,5,1,6,1,1,1,1,9,7,2,5,1,5,1,5,4,5,1,5,7,5,1,5,5,5,1,5,56,2,1,4,2599677383
10/27/2017 0:06,10/27/2017 0:12,45.50.24.202,100,349,1,R_2ANzuDtNN5EvfdZ,33.94140625,-117.9555054,anonymous,5,5,4,5,7,6,2,7,1,1,1,1,7,5,2,7,3,4,5,5,3,5,5,5,8,3,3,4,3,5,5,5,34,2,4,4,1518095527
10/27/2017 0:18,10/27/2017 0:22,112.202.167.117,100,215,1,R_tJNNXtVfSvDM5G1,14.64920044,120.982605,anonymous,9,7,3,7,8,8,1,9,1,1,1,1,1,9,1,9,1,8,7,9,1,7,7,7,9,1,1,1,1,7,8,6,34,1,1,4,916727595
10/27/2017 1:24,10/27/2017 1:27,71.71.254.152,100,146,1,R_3gRaUIxXiGoNpOf,35.68719482,-80.56690216,anonymous,5,5,3,6,9,9,1,9,1,1,1,1,5,5,2,5,2,5,6,5,1,5,5,5,9,5,2,5,2,5,5,5,23,2,1,3,4279983817
10/27/2017 1:23,10/27/2017 1:28,75.25.130.131,100,284,1,R_3NyRzSGXDPTcgeu,37.30419922,-122.0946045,anonymous,5,5,5,5,7,7,4,7,3,3,3,3,5,7,3,6,5,5,5,5,3,5,5,5,4,5,5,5,3,5,5,5,33,1,4,4,7571777571
10/27/2017 1:24,10/27/2017 1:30,64.39.87.244,100,310,1,R_3I9IQ6osuGUl7OF,44.80709839,-69.6740036,anonymous,5,5,5,5,7,8,3,8,4,4,3,5,6,5,3,6,5,5,6,5,9,6,6,5,4,5,4,5,5,6,6,5,41,1,1,4,8886408698
10/27/2017 1:26,10/27/2017 1:31,75.139.198.58,100,259,1,R_1Krn4G2S4GOGX0C,42.28759766,-122.9001007,anonymous,3,5,2,5,6,6,1,6,3,2,1,3,5,6,2,5,5,5,1,5,5,1,5,5,8,1,1,5,5,1,1,5,48,2,1,4,5348578924
10/27/2017 1:35,10/27/2017 1:38,172.58.41.145,100,152,1,R_1hGQHLrh4UVlkUE,47.30780029,-122.3177032,anonymous,5,5,5,5,9,9,1,9,9,5,1,2,5,5,2,5,5,1,1,3,1,1,1,1,5,2,1,1,5,1,1,1,34,1,1,4,78663896
10/27/2017 1:34,10/27/2017 1:39,96.41.69.189,100,281,1,R_6uirneN6vEOCe1H,33.81149292,-118.1867981,anonymous,7,7,3,9,9,9,1,9,9,3,1,5,5,5,9,5,4,7,5,8,9,7,9,5,9,3,1,2,3,6,5,5,28,1,4,3,6354546375
10/27/2017 1:40,10/27/2017 1:45,47.223.159.161,100,289,1,R_1ibcmgfj97VTEon,32.12229919,-95.92269897,anonymous,7,7,4,7,8,8,1,8,3,3,2,3,6,7,4,6,3,3,3,4,2,4,4,4,8,3,2,7,2,3,1,4,54,2,1,4,4276905176
10/27/2017 1:47,10/27/2017 1:49,172.72.185.147,100,153,1,R_117QcZT3bIiqIAG,35.13380432,-81.0059967,anonymous,7,6,2,2,3,9,1,9,1,2,1,1,7,6,2,7,3,5,5,6,7,3,2,5,6,2,1,4,3,4,2,3,25,1,3,4,1127540926
10/27/2017 1:50,10/27/2017 1:55,173.80.230.122,100,312,1,R_9SSvadbdgT42ysN,37.81340027,-82.02459717,anonymous,8,8,6,8,9,8,2,8,3,3,1,4,8,8,4,7,2,7,5,5,2,7,6,5,3,5,5,5,2,4,5,5,43,1,1,1,4848396960
10/27/2017 2:51,10/27/2017 2:54,73.54.129.71,100,215,1,R_57NisxkZpxQhUtj,33.75740051,-84.43270111,anonymous,5,4,4,7,9,9,1,9,1,1,1,1,5,5,1,6,1,5,5,5,5,5,6,5,6,5,5,6,1,6,7,5,29,2,2,4,8711857861
10/27/2017 2:51,10/27/2017 2:55,61.93.143.175,100,233,1,R_27qakYMySBUrP1o,22.29100037,114.1499939,anonymous,7,7,3,7,6,7,2,7,3,3,2,4,8,7,2,7,4,5,5,9,4,5,5,9,7,3,8,9,4,5,6,9,32,1,1,4,7354716742
10/27/2017 2:53,10/27/2017 2:57,75.223.14.80,100,255,1,R_1jNztYoXPpSQFcS,37.75100708,-97.8219986,anonymous,6,6,3,6,7,5,1,9,1,1,1,1,8,7,2,8,3,7,8,6,3,8,7,5,3,1,1,6,3,8,8,6,54,1,1,4,6419053082
10/27/2017 2:57,10/27/2017 2:59,207.243.53.194,100,132,1,R_12gS8LP7Cu2fFf8,42.272995,-83.59940338,anonymous,7,6,4,7,7,8,2,8,3,2,2,3,8,7,3,7,3,8,9,8,2,8,8,9,6,8,9,8,2,8,9,9,29,1,2,4,4411422890
10/27/2017 3:06,10/27/2017 3:09,172.13.202.247,100,183,1,R_12JWfKPsd3MEB8Q,30.353302,-81.49900055,anonymous,4,4,1,5,4,3,1,6,3,4,4,2,1,7,2,5,5,1,1,1,5,1,1,1,2,1,1,7,1,1,1,2,41,2,4,4,2536232807
10/27/2017 3:05,10/27/2017 3:10,199.21.199.90,100,302,1,R_12sWt9LxygYOKCY,41.58230591,-85.83439636,anonymous,6,6,5,7,7,5,3,5,3,3,3,2,7,8,3,7,3,2,2,3,1,3,2,3,3,7,4,7,2,2,2,3,48,2,1,4,8284573471
10/27/2017 3:07,10/27/2017 3:12,107.77.233.83,100,269,1,R_3GwVL9Kk8kXYdAZ,37.75100708,-97.8219986,anonymous,3,6,3,6,7,6,2,7,4,4,2,3,5,6,2,6,4,6,2,6,4,4,6,4,8,4,5,7,6,5,6,4,28,2,1,4,9870144301
10/27/2017 3:33,10/27/2017 3:37,216.114.36.208,100,255,1,R_2y8Ue9qC2ZdXSJB,32.9559021,-97.71440125,anonymous,5,6,1,6,8,9,1,8,4,5,1,3,2,8,2,6,3,3,3,3,3,3,3,2,9,1,1,5,3,3,3,4,56,2,1,3,7613164698
10/27/2017 3:40,10/27/2017 3:44,71.193.247.226,100,213,1,R_2VKh56gceh9kl9P,45.02360535,-123.1125031,anonymous,4,4,1,4,7,7,1,7,3,2,2,2,5,5,1,5,4,1,6,5,5,3,6,5,9,1,1,1,4,6,5,6,29,2,4,3,9736742968
10/27/2017 4:23,10/27/2017 4:26,71.95.42.35,100,172,1,R_10GYLQAnrRn5Xse,33.9329071,-117.490799,anonymous,5,5,3,5,9,9,1,9,1,1,1,1,5,6,3,5,5,3,2,5,5,5,5,5,6,5,3,5,5,5,2,5,57,2,1,4,8111939127
10/27/2017 4:23,10/27/2017 4:26,72.10.212.194,100,155,1,R_2P1KSJvGfISPzG3,43.33760071,-74.95359802,anonymous,7,6,4,7,7,7,2,7,5,4,3,4,7,7,2,7,2,7,6,5,1,5,5,6,7,3,3,5,2,7,6,5,23,1,1,4,9323890633
10/27/2017 4:23,10/27/2017 4:27,75.188.194.43,100,216,1,R_3KVhwOooPnSHaQQ,39.95480347,-82.76930237,anonymous,7,6,6,5,8,8,7,8,3,2,3,3,6,8,7,6,3,6,3,5,2,6,6,6,4,3,4,4,3,4,6,6,33,2,1,4,474764412
10/27/2017 4:26,10/27/2017 4:30,112.134.79.109,100,211,1,R_3q7i7OIxM4kIXvP,6.852294922,79.86560059,anonymous,7,7,3,7,6,7,3,7,3,3,3,3,7,7,3,7,3,5,6,5,2,5,6,5,6,5,5,5,2,5,5,5,29,1,4,4,7379969805
10/27/2017 4:27,10/27/2017 4:30,172.72.10.203,100,174,1,R_3CU7WPjxp3oxNEc,35.16810608,-80.91529846,anonymous,7,7,4,8,7,4,3,5,2,2,2,2,6,7,3,7,4,7,1,7,2,7,1,7,1,5,1,8,3,7,1,8,35,1,1,4,5924982810
10/27/2017 4:35,10/27/2017 4:41,172.98.85.222,100,358,1,R_1Kr3REbzds1MfSL,33.7480011,-84.38580322,anonymous,5,5,1,7,5,9,1,8,1,1,1,1,5,5,1,6,1,5,1,5,1,5,5,2,7,1,1,1,1,5,3,1,21,2,2,4,7706092936
10/27/2017 4:38,10/27/2017 4:43,107.2.82.167,100,309,1,R_3nCvXXuV9tpRasS,45.05059814,-93.24459839,anonymous,9,9,3,9,9,9,1,9,1,1,1,1,9,9,1,9,1,5,5,9,1,9,5,9,7,5,2,5,1,9,5,9,29,2,1,4,8604940436
10/27/2017 4:50,10/27/2017 4:53,73.119.2.27,100,158,1,R_PIhWCUUCYKc3hxD,42.42810059,-71.05460358,anonymous,5,6,3,5,8,5,3,7,1,1,1,1,5,6,3,5,4,1,1,5,2,5,5,5,6,5,1,5,2,5,1,5,37,2,2,4,7621445069
10/27/2017 4:52,10/27/2017 4:55,184.101.126.235,100,169,1,R_1Qz0L2YlXsqd4wZ,33.32330322,-111.8244019,anonymous,3,1,4,3,4,8,1,8,2,1,2,3,7,4,3,7,5,2,1,2,3,1,2,2,6,2,1,1,3,1,1,1,55,2,1,4,7879885086
10/27/2017 5:55,10/27/2017 5:58,174.48.208.35,100,187,1,R_1MQmEvQQVzeAeuq,27.24980164,-80.37969971,anonymous,9,7,3,5,9,9,1,7,2,3,3,3,5,7,1,6,6,9,5,9,1,9,5,9,7,5,5,7,1,9,5,7,28,2,1,4,7421170105
10/27/2017 5:56,10/27/2017 5:59,184.0.129.34,100,141,1,R_4GAiuTFjrrjWdVf,35.6519928,-79.84410095,anonymous,7,8,4,8,5,6,2,3,1,3,3,2,6,7,1,6,5,9,8,9,1,9,6,5,3,9,9,9,1,9,9,9,61,1,3,4,2954867999
10/27/2017 5:57,10/27/2017 5:59,72.35.172.63,100,133,1,R_20TEowmye34yGyb,40.62150574,-93.78130341,anonymous,5,5,5,9,9,9,1,9,5,5,1,5,9,9,1,5,1,5,1,1,1,5,1,1,9,1,1,9,1,5,1,1,53,1,1,4,982355597
10/27/2017 5:56,10/27/2017 5:59,69.73.63.10,100,198,1,R_2cC3PwDzYaHUscP,36.05819702,-83.91470337,anonymous,8,9,6,9,9,9,1,9,1,1,1,1,6,6,1,6,1,8,7,7,1,7,8,7,6,6,6,7,1,8,8,8,29,2,1,4,7227096734
10/27/2017 5:56,10/27/2017 5:59,107.2.158.61,100,163,1,R_3ITeXSF6sCcr2Oc,39.74279785,-104.8996964,anonymous,5,5,1,5,9,9,1,9,1,1,1,1,5,5,1,5,5,1,1,1,5,1,1,1,9,1,1,1,5,1,1,1,51,2,1,4,4390283912
10/27/2017 5:55,10/27/2017 5:59,98.111.248.244,100,240,1,R_3oyAcdTeINOqzD0,40.39480591,-79.9056015,anonymous,5,5,4,5,9,9,1,9,2,2,3,4,5,5,4,5,5,5,4,4,4,5,3,5,6,4,4,4,4,5,5,5,57,2,1,4,3443303975
10/27/2017 5:55,10/27/2017 6:04,68.105.234.66,100,507,1,R_2Tn3qMhR7dAkSvV,37.06269836,-76.40519714,anonymous,7,7,4,7,9,9,1,9,1,1,1,1,7,8,1,9,1,6,7,7,6,6,6,7,4,1,3,3,7,7,6,7,28,2,2,4,4484769744
10/27/2017 6:04,10/27/2017 6:07,97.104.130.64,100,189,1,R_ANFIly5efzmum4N,28.24650574,-81.09359741,anonymous,7,7,2,7,6,5,1,9,6,4,1,1,9,9,1,9,1,5,5,5,1,5,5,6,9,5,2,5,1,5,8,6,42,1,1,1,5772062438
10/27/2017 6:22,10/27/2017 6:28,161.97.235.219,100,406,1,R_3Defw2XO1rM7t9m,40.16889954,-105.0944977,anonymous,6,6,3,5,6,6,1,9,2,3,1,4,7,6,3,6,3,1,6,7,2,1,1,7,7,1,1,8,4,4,2,6,38,2,1,4,829986269
10/27/2017 7:30,10/27/2017 7:34,104.139.95.47,100,211,1,R_2X1fnoI4OP0lUcf,35.21780396,-81.03939819,anonymous,7,6,5,7,8,8,3,9,3,2,2,3,6,6,3,7,3,7,4,8,3,7,5,9,3,8,7,9,3,7,8,9,35,2,2,3,8867594106
10/27/2017 7:31,10/27/2017 7:35,98.214.27.207,100,193,1,R_27ydzy5bQwWIQoF,42.32380676,-89.62180328,anonymous,5,5,5,5,7,6,2,5,4,3,3,4,5,5,3,5,4,5,5,5,5,5,5,5,7,5,5,6,3,5,4,5,44,2,1,4,2199391513
10/27/2017 7:31,10/27/2017 7:36,66.87.137.180,100,317,1,R_2bTqbLX7d3Vp8dY,42.93559265,-78.80660248,anonymous,5,6,1,4,6,3,1,7,2,1,1,1,7,6,5,5,2,4,1,3,3,3,7,1,9,1,1,9,6,1,1,3,28,2,1,4,2144764215
10/27/2017 7:36,10/27/2017 7:38,99.195.135.113,100,81,1,R_UWojMMgLJHYRORX,38.77319336,-90.93479919,anonymous,4,3,7,6,2,6,6,4,4,5,4,6,7,7,3,6,3,4,3,4,6,5,3,3,5,3,3,3,5,7,3,3,38,1,1,4,5311305
10/27/2017 7:34,10/27/2017 7:38,172.58.201.123,100,259,1,R_1H8IMZuC4BJuknk,39.95429993,-75.16570282,anonymous,5,5,2,5,7,7,1,7,1,1,1,1,5,5,2,5,3,5,1,5,3,5,1,5,6,1,1,3,3,1,1,5,33,1,1,3,5008212109
10/27/2017 7:34,10/27/2017 7:38,164.82.84.24,100,269,1,R_2SJHnUeHEKgq7Vi,38.90570068,-76.978302,anonymous,8,8,5,7,6,9,1,9,3,2,3,8,5,5,2,6,4,9,9,9,1,9,8,9,6,6,6,7,3,9,7,5,28,2,1,4,5959201832
10/27/2017 7:52,10/27/2017 7:55,67.149.35.182,100,231,1,R_2qgeigvfXPuMy1f,42.2901001,-83.28769684,anonymous,5,5,5,5,6,7,2,7,4,3,3,3,5,5,3,5,1,5,5,5,1,5,5,5,4,5,5,5,1,5,5,5,31,2,1,4,8295133761
10/27/2017 7:52,10/27/2017 8:00,76.107.143.240,100,509,1,R_vPiaey4fOK279gB,32.39430237,-93.72850037,anonymous,9,9,1,9,9,9,1,9,2,3,1,1,9,7,3,7,1,9,6,6,1,7,5,7,9,5,2,9,2,8,3,6,28,2,4,4,5296468027
10/27/2017 8:37,10/27/2017 8:39,192.67.88.5,100,131,1,R_3j34jA5nYkabiSe,31.14509583,-99.34780121,anonymous,7,8,1,9,7,9,1,9,1,1,1,1,6,9,1,8,1,6,6,5,3,8,6,7,9,1,1,1,3,7,7,7,30,2,1,4,4395461711
10/27/2017 9:01,10/27/2017 9:03,130.127.110.187,100,117,1,R_qWoWlKtCddXc6WZ,34.84739685,-82.71009827,anonymous,8,8,3,8,7,8,3,6,1,1,1,1,8,8,2,9,1,8,4,8,1,8,5,9,9,7,3,7,1,8,5,8,31,1,1,4,8825148595
10/27/2017 9:01,10/27/2017 9:04,67.10.218.176,100,176,1,R_4O2EFAJYEWCuR9v,31.87480164,-106.4516983,anonymous,9,9,8,9,9,8,1,8,1,1,1,1,5,5,3,5,1,9,8,9,1,9,8,9,2,9,8,9,1,9,9,9,59,2,1,4,3982870416
10/27/2017 9:01,10/27/2017 9:04,64.130.150.36,100,175,1,R_W1IzmNa9XIceSTn,36.93760681,-85.94629669,anonymous,5,7,2,7,8,8,1,9,3,2,1,2,6,6,2,6,3,4,4,5,7,4,4,5,8,4,2,5,2,5,3,6,32,2,1,4,1244064919
10/27/2017 9:03,10/27/2017 9:06,12.147.120.50,100,203,1,R_vVnYQXute6KCcdb,37.75100708,-97.8219986,anonymous,8,8,4,7,9,6,1,9,1,1,1,1,8,6,3,6,1,5,5,5,3,5,5,5,7,5,5,5,1,5,5,5,33,2,1,4,1496040007
10/27/2017 9:28,10/27/2017 9:30,73.8.86.239,100,134,1,R_27JQBaD1txt3OI3,41.97590637,-87.70159912,anonymous,7,7,3,8,9,9,3,1,1,1,1,1,5,5,1,5,1,7,7,7,1,7,7,7,7,3,3,7,1,7,7,7,28,1,4,4,9221794679
10/27/2017 9:45,10/27/2017 9:48,98.250.0.192,100,183,1,R_3kp7C38edXmMAfz,42.98880005,-85.4641037,anonymous,6,7,4,7,9,7,1,9,1,2,2,2,6,7,3,7,3,6,7,7,1,6,7,8,7,5,5,5,1,7,7,7,23,2,1,4,5140465088
10/27/2017 10:24,10/27/2017 10:25,70.167.184.2,100,93,1,R_eKjYGA7b4MqXECR,32.79640198,-117.0690002,anonymous,5,7,5,8,7,1,3,7,6,3,1,4,2,7,1,5,4,6,5,5,2,5,3,3,7,6,1,5,6,6,3,4,21,1,2,4,5872859573
10/27/2017 10:34,10/27/2017 10:36,97.124.109.93,100,87,1,R_12JAsblVUEXTRQN,33.42230225,-111.8226013,anonymous,4,5,6,5,5,3,5,5,4,5,5,5,5,5,4,5,5,5,5,3,5,4,6,5,5,6,6,5,5,6,5,4,27,1,1,2,2243913440
10/27/2017 10:33,10/27/2017 10:36,73.85.201.108,100,172,1,R_1GylDNFkSF8wNQb,25.89230347,-80.20980072,anonymous,7,7,1,5,1,1,1,5,1,1,1,1,9,9,1,9,1,7,7,7,2,7,7,7,8,1,1,1,1,5,6,8,35,2,2,4,7163754958
10/27/2017 10:34,10/27/2017 10:36,68.80.94.86,100,136,1,R_3qqdLuM83SCg7hc,39.95970154,-75.19680023,anonymous,4,6,3,5,6,8,1,7,1,1,1,1,7,5,1,6,5,3,1,6,3,3,1,4,7,3,2,2,2,4,2,6,26,1,1,4,3836727329
10/27/2017 10:34,10/27/2017 10:36,24.123.94.218,100,117,1,R_27fI08MtcrSevkt,44.33850098,-88.40419769,anonymous,1,1,1,1,4,3,1,5,1,1,1,1,4,4,1,4,6,1,1,1,7,1,1,1,9,1,1,1,6,1,1,1,36,1,1,4,6841731467
10/27/2017 10:35,10/27/2017 10:37,76.108.162.197,100,163,1,R_1dmEUIpG51rhjHE,26.34829712,-80.15850067,anonymous,5,6,3,7,6,5,3,7,7,6,3,6,6,7,2,6,6,6,5,5,6,7,6,7,4,4,3,4,7,7,6,5,28,1,3,4,1560997372
10/27/2017 10:33,10/27/2017 10:38,159.53.46.144,100,271,1,R_31Azvmf607dL7t0,40.71110535,-73.94689941,anonymous,5,5,4,5,7,7,1,5,3,3,2,2,6,5,1,7,4,5,5,3,3,6,5,3,7,5,5,7,3,5,5,1,28,1,3,4,1331774872
10/27/2017 10:57,10/27/2017 10:59,216.47.58.24,100,123,1,R_21GOm2wzkDwVNAZ,46.61500549,-113.5926971,anonymous,9,9,5,9,9,9,1,9,1,1,1,1,5,9,1,9,1,9,5,9,1,9,5,9,8,7,5,9,1,9,5,9,36,2,1,4,3390899529
10/27/2017 11:45,10/27/2017 11:52,173.81.132.249,100,406,1,R_1jIkx5uUfE6ykZO,38.29679871,-81.55470276,anonymous,5,5,2,3,8,6,7,8,2,3,2,2,6,6,6,6,6,2,2,7,3,6,3,3,6,3,3,3,3,3,3,3,42,2,1,4,1017473075
10/27/2017 12:07,10/27/2017 12:09,128.195.130.79,100,134,1,R_2dKeoMVW3YP9cyD,33.64030457,-117.7694016,anonymous,7,7,3,7,7,8,1,8,3,1,1,2,7,7,3,7,3,3,3,3,7,3,3,7,2,3,3,3,3,3,3,7,28,1,1,4,659281724
10/27/2017 12:06,10/27/2017 12:09,184.91.76.77,100,173,1,R_3O8Gl6Qdjmp4svz,28.39970398,-81.17240143,anonymous,9,9,4,9,9,9,1,9,1,1,1,1,8,8,1,8,1,9,9,9,1,9,9,9,6,4,7,9,1,9,9,9,29,2,1,4,806129035
10/27/2017 12:06,10/27/2017 12:10,118.137.194.218,100,221,1,R_2q4T4NDS2bYWfo2,-6.1743927,106.8294067,anonymous,6,3,4,6,8,7,2,8,2,2,2,2,5,6,3,5,5,6,4,6,3,3,4,5,6,7,4,5,5,5,3,5,33,2,4,4,571780131
10/27/2017 12:07,10/27/2017 12:10,38.104.175.212,100,184,1,R_3hap1iM7kv5RWDp,43.69549561,-111.8785019,anonymous,5,6,2,6,9,6,1,6,1,1,1,1,4,6,1,4,7,6,4,5,4,5,6,6,8,1,1,2,4,5,4,5,35,2,1,4,7581286602
10/27/2017 12:07,10/27/2017 12:13,170.167.192.12,100,364,1,R_1pyZgyPwh0cRVzl,47.501297,-122.0065002,anonymous,5,7,4,7,9,8,1,8,1,6,1,2,4,8,3,8,2,7,6,7,3,6,6,6,7,3,2,7,2,7,6,8,37,2,1,4,4087068578
10/27/2017 12:08,10/27/2017 12:14,75.237.159.6,100,330,1,R_1CJtZZ9N9okuSDD,37.75100708,-97.8219986,anonymous,6,5,2,6,7,1,3,7,4,3,3,3,5,4,2,6,4,4,3,6,7,6,3,6,8,5,3,4,4,4,4,7,45,2,1,4,6185238222
10/27/2017 12:28,10/27/2017 12:43,47.145.150.17,100,896,1,R_2dFUx42atiXPl0S,34.06990051,-117.9421005,anonymous,3,3,6,5,7,2,1,8,9,1,1,2,3,3,1,7,3,3,3,9,2,7,8,3,8,3,3,2,2,3,9,2,27,1,4,4,2367863260
10/27/2017 12:52,10/27/2017 12:53,104.174.21.254,100,94,1,R_6ScWCVleun1Ylln,34.16830444,-118.3730011,anonymous,4,4,5,5,7,6,4,5,2,4,8,7,5,5,5,4,7,5,5,5,5,5,5,8,7,7,5,6,8,4,2,6,29,2,2,3,139090862
10/27/2017 13:36,10/27/2017 13:37,96.236.116.253,100,90,1,R_1r9dUGlh7T5zWeF,42.12240601,-72.60839844,anonymous,6,5,4,5,6,4,4,4,6,6,3,4,5,4,4,6,6,4,4,5,5,5,6,5,6,4,6,6,5,4,7,7,33,1,1,4,7960300599
10/27/2017 13:40,10/27/2017 13:41,134.29.16.196,100,100,1,R_qCkdjseJ7055e2R,44.13079834,-94,anonymous,9,5,5,4,5,9,1,4,1,9,5,6,5,5,5,5,5,5,5,8,5,5,6,6,5,4,6,5,6,5,5,5,27,2,4,3,5282032490
10/27/2017 13:39,10/27/2017 13:41,73.38.142.177,100,126,1,R_2380il4un9F7uvQ,41.52430725,-72.07589722,anonymous,5,3,4,5,5,6,3,5,3,1,5,1,5,6,3,5,3,5,5,5,5,3,3,4,6,4,2,3,3,3,4,3,29,1,1,3,311488770
10/27/2017 13:39,10/27/2017 13:41,70.165.119.24,100,138,1,R_2xXdVL9aipdCL9Y,30.44799805,-91.1289978,anonymous,4,1,5,1,5,4,1,8,1,2,7,1,2,1,5,1,5,1,6,1,1,1,2,5,1,4,2,5,1,5,1,2,28,1,1,4,9441910665
10/27/2017 13:39,10/27/2017 13:42,99.89.114.48,100,188,1,R_3sjomvwcsVxZw0P,38.65010071,-121.2534027,anonymous,7,9,1,8,9,9,1,9,2,1,1,1,8,7,2,7,1,8,8,8,2,8,8,8,8,2,1,5,2,8,8,9,30,2,1,4,159983552
10/27/2017 13:40,10/27/2017 13:43,24.130.25.223,100,186,1,R_22JGn56bHFLB61X,37.91799927,-122.3031998,anonymous,6,5,5,5,7,7,4,8,4,2,2,4,7,7,3,7,5,5,2,5,5,5,2,5,4,5,2,5,5,5,2,5,47,2,1,4,1358535006
10/27/2017 13:41,10/27/2017 13:44,69.47.200.64,100,183,1,R_Orm3zKPRn5wE7fP,42.57969666,-84.46029663,anonymous,7,8,4,7,6,6,8,7,4,7,4,4,5,5,3,7,1,8,7,7,2,7,7,8,6,5,4,6,1,8,7,8,23,2,1,4,5144447447
10/27/2017 13:40,10/27/2017 13:46,67.44.209.2,100,334,1,R_1LUQHPrs9rOBEBj,36.16589355,-86.78440094,anonymous,6,7,4,7,8,8,5,7,4,4,3,4,7,6,2,7,3,5,5,5,2,5,5,5,7,4,5,5,3,5,5,5,45,2,5,4,894885366
10/27/2017 13:41,10/27/2017 13:46,99.101.241.159,100,269,1,R_2Y6a0zpQgDz1Sot,36.09710693,-95.96269989,anonymous,9,8,8,8,8,8,1,7,1,1,2,1,5,8,4,7,1,8,8,7,3,8,7,6,5,7,7,7,1,8,6,6,18,2,2,4,1488812524
10/27/2017 13:41,10/27/2017 13:46,72.187.206.62,100,316,1,R_6AqtNrIv7ggD6WB,28.2059021,-82.32009888,anonymous,6,8,2,8,5,8,1,7,2,2,1,2,7,8,1,8,1,7,8,4,2,7,4,4,7,5,4,9,1,7,4,3,73,2,1,4,6290199053
10/27/2017 15:13,10/27/2017 15:15,138.229.135.116,100,132,1,R_3ESABrxSCTpU5SX,33.92979431,-117.3647003,anonymous,9,9,1,7,9,9,1,7,5,5,5,5,7,9,1,9,1,5,7,9,1,7,6,3,9,1,1,1,1,7,9,9,25,2,3,4,1919777501
10/27/2017 15:12,10/27/2017 15:15,210.133.220.12,100,193,1,R_C8o2zEl6sywtIEp,34.96670532,136.6166992,anonymous,8,6,3,7,6,7,4,9,4,3,5,3,8,6,3,7,6,6,4,6,2,5,5,5,9,2,2,6,3,6,4,6,31,2,1,4,9767346470
10/27/2017 15:12,10/27/2017 15:15,72.202.150.167,100,178,1,R_1Neoym5aVIWkXCR,39.03799438,-95.72779846,anonymous,5,5,5,5,7,6,4,7,4,3,3,3,6,6,4,6,3,6,5,9,3,6,5,9,6,9,5,9,3,6,5,9,40,1,1,4,7861547526
10/27/2017 15:11,10/27/2017 15:15,24.1.38.45,100,244,1,R_8qXg7dW7SKP23AJ,41.93730164,-87.65509796,anonymous,7,8,3,7,8,8,2,8,4,2,6,3,7,6,3,7,2,8,6,7,2,8,6,8,4,4,5,5,2,8,6,7,22,2,1,4,767478305
10/27/2017 15:14,10/27/2017 15:17,76.113.14.151,100,160,1,R_3qam8wH6Azczbi3,35.10910034,-106.5807037,anonymous,5,5,1,5,9,3,2,1,4,3,2,2,7,5,1,5,5,1,1,4,1,2,2,1,9,1,1,1,2,2,1,1,25,1,1,4,3718687864
10/27/2017 15:12,10/27/2017 15:17,71.178.164.186,100,317,1,R_20ZLYkg78gBQsjl,38.96899414,-76.85369873,anonymous,5,5,5,5,5,5,2,8,2,2,2,2,5,5,2,5,5,5,5,5,5,5,5,5,5,5,5,5,5,5,5,5,54,1,2,4,5021275887
10/27/2017 15:13,10/27/2017 15:17,67.187.187.105,100,240,1,R_3stdeHgUbnsa0gU,36.29580688,-119.3811951,anonymous,7,7,3,4,8,8,2,8,2,2,1,2,8,3,1,7,2,5,5,5,3,5,5,5,6,5,3,5,3,5,5,5,29,2,3,4,1845078445
10/27/2017 15:14,10/27/2017 15:18,190.236.206.84,100,249,1,R_2cBoHFvZa50QRfp,-12.0677948,-77.08860016,anonymous,5,6,3,5,1,9,3,9,8,5,2,2,7,3,5,6,2,7,4,8,7,4,8,4,6,3,5,4,2,5,5,9,41,1,3,4,6548831323
10/27/2017 15:16,10/27/2017 15:19,108.18.128.221,100,162,1,R_3NOQhUg9mijo9JK,38.88650513,-77.09690094,anonymous,7,6,4,7,8,8,4,7,2,2,3,3,4,8,3,6,2,8,6,7,3,8,6,7,6,7,6,8,2,7,8,6,22,1,1,4,8244498986
10/27/2017 16:45,10/27/2017 16:48,74.71.235.171,100,197,1,R_1gAxydYCDXHTzjI,40.80059814,-73.96530151,anonymous,6,6,5,7,8,8,3,8,2,1,2,2,9,6,3,7,1,6,4,6,1,6,6,6,3,4,4,6,1,6,6,6,40,2,2,4,5438658204
10/27/2017 16:46,10/27/2017 16:49,73.129.35.210,100,199,1,R_1KdVEpyleoHkq2x,39.45620728,-77.96389771,anonymous,2,8,4,8,8,5,8,2,2,2,2,2,2,7,7,7,1,6,6,6,1,2,6,2,8,2,2,5,2,7,7,7,63,1,1,4,6108805765
10/27/2017 16:46,10/27/2017 16:49,199.34.4.20,100,167,1,R_2TLfJkH37n58T6s,34.74650574,-92.28959656,anonymous,5,9,2,9,9,9,1,9,2,2,1,1,5,3,3,8,1,5,5,5,5,9,9,5,7,3,7,5,3,9,7,5,26,1,1,4,2738859537
10/27/2017 16:48,10/27/2017 16:51,71.87.194.197,100,223,1,R_RXHe4zTONEgpnLr,36.4907074,-82.62000275,anonymous,7,7,5,7,5,9,2,9,4,2,3,1,6,7,3,7,3,6,6,6,3,6,5,7,7,6,2,7,3,7,6,5,29,1,1,4,8372171013
10/27/2017 16:47,10/27/2017 16:51,75.139.160.114,100,241,1,R_2SHmowpnmsKvYnr,47.37069702,-120.3592987,anonymous,5,7,2,7,9,6,1,8,6,5,2,4,7,7,1,7,2,7,6,5,1,6,6,5,2,5,2,4,2,6,6,5,37,2,1,4,5262566823
10/27/2017 16:54,10/27/2017 16:58,174.221.136.229,100,246,1,R_vVL7Y1BcAlzA4Zb,41.84829712,-87.65170288,anonymous,5,5,5,5,9,9,4,9,1,1,1,1,7,6,2,6,1,5,5,5,1,5,5,5,7,5,5,5,1,5,5,5,33,2,1,4,784233255
10/27/2017 17:07,10/27/2017 17:10,75.82.54.15,100,146,1,R_3hilR1X62vUNAau,34.16830444,-118.3730011,anonymous,1,5,3,5,7,7,2,8,5,2,3,3,5,5,1,5,4,1,1,5,6,1,1,1,6,1,1,5,4,1,1,5,26,1,4,4,3033235022
10/27/2017 17:27,10/27/2017 17:28,99.110.192.124,100,90,1,R_24ddlelMiF30VsZ,36.28210449,-93.91619873,anonymous,6,6,4,4,6,7,5,6,5,5,4,3,3,5,5,3,6,5,4,5,4,4,6,5,4,4,3,4,4,4,4,5,30,1,1,4,1248097578
10/27/2017 18:18,10/27/2017 18:22,99.7.61.137,100,198,1,R_1MMrEwUSxNEB6c9,37.99420166,-121.6887054,anonymous,5,4,7,5,9,9,1,9,3,1,1,1,5,5,1,5,7,4,3,5,3,4,4,5,3,2,3,5,4,5,3,5,28,1,1,4,1282775714
10/27/2017 18:19,10/27/2017 18:22,76.19.239.170,100,157,1,R_29u1iX5Bp5DWtXQ,42.94030762,-71.4434967,anonymous,3,5,5,7,8,7,2,7,6,4,1,3,5,3,3,3,4,4,4,4,6,4,6,6,8,4,1,2,4,3,5,2,55,2,1,3,3473845329
10/27/2017 18:19,10/27/2017 18:23,184.100.165.46,100,229,1,R_3D8fV7ltJV9cl0Y,45.67129517,-122.6604004,anonymous,9,9,5,9,9,9,4,9,5,3,4,1,9,9,3,9,1,9,5,8,1,9,5,8,6,9,5,8,1,8,5,8,57,2,5,4,5887014773
10/27/2017 18:22,10/27/2017 18:24,73.227.199.147,100,141,1,R_1LZDWjxoEMg4UYN,41.6822052,-72.40080261,anonymous,5,5,4,5,9,5,1,9,1,1,1,1,6,5,2,6,4,6,5,5,4,5,5,5,9,5,1,1,4,5,4,5,34,2,1,4,6725568077
10/27/2017 18:20,10/27/2017 18:25,174.101.104.222,100,261,1,R_10uQ53W9E5PiQ7Z,39.33349609,-83.01679993,anonymous,9,8,4,7,9,9,1,9,4,1,1,2,9,9,1,9,1,5,5,5,1,5,5,5,7,2,1,5,1,5,5,5,47,2,1,4,9014607588
10/27/2017 18:22,10/27/2017 18:25,98.18.173.194,100,190,1,R_2OUYIBQzzjMyy3Z,42.82449341,-91.54799652,anonymous,5,7,3,7,8,7,2,8,3,2,1,2,7,7,2,7,2,6,5,6,2,5,6,5,8,2,3,5,2,6,6,5,49,1,1,4,8882106375
10/27/2017 18:22,10/27/2017 18:26,173.239.228.14,100,258,1,R_1o12KrBMV12ENhY,37.33880615,-121.8914032,anonymous,5,5,4,5,8,5,1,8,2,2,2,2,6,6,2,6,3,5,5,5,3,5,3,5,7,5,3,5,1,5,5,5,31,1,1,4,32778965
10/27/2017 18:19,10/27/2017 18:31,205.251.176.78,100,702,1,R_27g2uRiUBweg1th,42.54570007,-83.21649933,anonymous,8,7,3,8,9,1,1,9,3,3,1,1,5,6,1,7,2,8,5,8,1,8,5,8,7,5,5,5,3,8,5,7,27,2,1,4,9126197570
10/27/2017 18:32,10/27/2017 18:38,72.235.11.236,100,357,1,R_b4p1fAL5PpWnicp,21.37750244,-158.0861969,anonymous,5,4,4,5,8,8,2,7,4,3,1,4,8,7,6,4,4,4,4,7,3,4,6,4,8,7,7,8,3,6,5,4,24,2,4,4,3788781944
10/27/2017 19:52,10/27/2017 19:54,24.178.42.105,100,113,1,R_2aKSrPTrQ59I0w3,43.13310242,-89.34909821,anonymous,7,7,2,8,8,8,1,8,1,1,1,1,7,5,1,7,2,5,5,8,2,5,5,5,7,5,5,5,2,5,5,5,33,2,1,4,329998979
10/27/2017 19:51,10/27/2017 19:54,67.8.219.117,100,161,1,R_1j7i2gnxr5M6EkJ,28.88409424,-81.23480225,anonymous,9,8,2,7,9,8,1,8,2,3,3,1,8,7,2,7,2,7,8,9,2,8,7,7,7,2,2,2,2,7,7,9,49,2,1,4,5366945146
10/27/2017 19:52,10/27/2017 19:54,72.135.208.59,100,154,1,R_3NVOm31deH3OLn3,43.23579407,-88.12709808,anonymous,8,7,5,7,8,7,1,9,3,2,2,2,5,9,3,7,4,3,1,7,1,3,1,6,8,3,1,6,1,3,1,7,25,1,1,4,4319179747
10/27/2017 19:53,10/27/2017 19:56,76.180.8.151,100,188,1,R_1oi56TbLo8klFfa,42.48170471,-79.32820129,anonymous,6,6,5,6,8,4,3,9,6,4,4,2,5,6,4,7,3,7,4,6,2,6,7,7,6,6,4,6,2,6,6,7,50,1,1,4,1494732560
10/27/2017 19:53,10/27/2017 19:56,73.129.149.98,100,204,1,R_3ISi9QP7O5aiWsm,39.06489563,-76.97979736,anonymous,7,8,7,7,9,9,1,9,1,1,4,1,7,7,4,9,2,6,6,6,2,7,6,7,3,7,6,5,2,7,7,6,37,2,2,4,898120376
10/27/2017 19:56,10/27/2017 19:59,72.174.28.64,100,143,1,R_1F3sacTnC0sl6ZU,47.65730286,-111.3805008,anonymous,7,5,1,5,8,5,1,5,3,3,2,3,7,7,1,7,1,5,5,5,5,5,5,5,9,5,5,5,7,5,5,5,34,2,1,4,5810173764
10/27/2017 19:56,10/27/2017 20:01,98.221.24.185,100,273,1,R_XCkXAGFJgUMN7WN,40.29440308,-73.99320221,anonymous,5,6,3,5,7,9,1,5,1,1,1,1,6,5,3,5,1,6,7,9,4,8,3,9,1,5,4,9,2,6,1,9,38,2,5,4,2625306673
10/27/2017 20:02,10/27/2017 20:05,204.111.55.150,100,161,1,R_2tnGGLHrZqo8SLr,38.89100647,-78.53410339,anonymous,6,8,1,7,9,9,1,9,1,1,1,1,9,1,1,9,1,5,6,6,1,7,6,7,9,1,1,1,1,7,5,5,27,1,3,4,6770277279
10/27/2017 20:05,10/27/2017 20:10,67.80.171.37,100,287,1,R_qCL7AYtW7NhiHLz,40.87669373,-73.9056015,anonymous,5,5,5,5,9,9,1,9,1,1,1,1,9,7,3,9,5,5,5,5,3,5,5,5,7,5,5,5,4,5,5,4,28,2,3,4,9708785638
10/27/2017 21:28,10/27/2017 21:31,173.246.37.95,100,137,1,R_3fJYIZCL0sGqD0B,26.01119995,-80.14949799,anonymous,6,4,1,4,5,6,3,6,1,6,1,1,8,6,6,7,4,3,3,5,5,4,5,5,2,6,3,3,3,5,5,5,35,2,1,4,1427055863
10/27/2017 21:29,10/27/2017 21:31,24.139.51.71,100,151,1,R_12ur7GUfhBTpvkz,34.78230286,-98.60169983,anonymous,4,4,4,5,6,4,6,4,4,4,4,6,4,4,4,4,4,4,6,4,4,5,4,6,4,4,3,4,4,4,4,4,49,1,1,4,819907589
10/27/2017 21:30,10/27/2017 21:31,67.241.72.89,100,88,1,R_3O217vKYXDaOivW,42.40719604,-76.51589966,anonymous,4,4,4,4,5,4,4,4,4,4,4,4,4,4,4,4,4,5,4,4,4,4,4,4,4,4,4,4,4,4,4,4,31,1,1,3,8093497445
10/27/2017 21:29,10/27/2017 21:32,108.209.120.191,100,182,1,R_1po0ysPLAJTW6Sv,40.49029541,-80.67089844,anonymous,5,7,1,7,9,9,1,9,3,1,1,1,5,5,1,5,5,5,1,5,1,5,1,5,9,1,1,5,3,5,5,5,45,2,1,4,2410205598
10/27/2017 21:30,10/27/2017 21:33,73.121.176.144,100,178,1,R_RI8PI8jVVi00Xst,36.40400696,-84.07209778,anonymous,6,6,3,7,8,8,2,8,4,4,4,4,9,9,1,9,2,7,6,8,1,7,7,7,8,3,2,3,2,6,6,7,37,2,1,4,7963145184
10/27/2017 21:30,10/27/2017 21:33,68.37.74.113,100,188,1,R_1IRcnsvm8L6Hggo,42.9618988,-83.72039795,anonymous,5,6,6,7,6,9,1,5,3,6,1,3,6,6,1,6,1,5,5,6,1,5,5,5,5,6,5,6,1,5,5,6,54,2,1,4,9634498166
10/27/2017 21:31,10/27/2017 21:35,71.65.106.174,100,184,1,R_1pXqt2N8XNbXGa5,39.44389343,-84.41680145,anonymous,5,5,4,5,8,8,2,5,2,7,1,2,5,5,1,6,3,5,6,5,3,5,4,6,8,5,3,5,3,5,5,7,33,2,1,4,9927858561
10/27/2017 21:29,10/27/2017 21:37,75.137.194.137,100,466,1,R_3FWI5VG0IMl919S,32.90609741,-85.93699646,anonymous,7,5,4,5,9,9,6,5,1,1,1,2,7,8,5,7,3,7,7,7,9,9,6,5,6,5,5,7,3,6,5,6,34,1,1,4,939687309
10/27/2017 21:29,10/27/2017 21:38,24.96.22.70,100,494,1,R_1lp0HCycDARzIG4,32.33580017,-86.40390015,anonymous,6,8,6,8,9,9,1,9,1,1,1,1,9,8,1,8,1,4,2,5,1,4,2,2,9,4,2,5,1,4,2,6,56,2,2,4,8244535005
10/27/2017 23:02,10/27/2017 23:04,192.234.2.18,100,118,1,R_vwXp27wZYEMOiNX,41.76350403,-72.72660065,anonymous,6,6,3,6,6,3,2,8,3,2,4,2,7,7,4,7,2,5,5,5,2,6,5,5,5,4,3,5,2,5,5,5,32,1,1,4,4112105016
10/27/2017 23:02,10/27/2017 23:04,97.113.4.223,100,157,1,R_sHJmpCMhXLqonzX,47.64759827,-122.5363998,anonymous,6,6,5,5,7,7,3,7,4,3,3,3,4,5,4,5,1,5,3,7,1,5,5,7,6,4,5,7,1,5,5,5,36,2,1,4,9279763619
10/27/2017 23:02,10/27/2017 23:05,24.11.134.20,100,181,1,R_2sbi9SdUPHJdoJV,32.98779297,-80.00569916,anonymous,5,5,4,5,6,5,2,7,4,4,2,4,5,6,2,6,6,5,5,5,4,5,5,5,7,3,3,4,4,5,5,4,33,1,1,4,4206848978
10/27/2017 23:02,10/27/2017 23:05,69.142.146.37,100,190,1,R_2QiBZ94MlQCgjgN,40.69250488,-74.07039642,anonymous,5,5,5,7,9,8,1,9,1,1,1,1,7,6,3,6,1,7,6,7,1,7,5,5,7,5,5,7,1,6,6,5,38,1,1,4,5066331229
10/27/2017 23:03,10/27/2017 23:06,128.205.26.141,100,168,1,R_11Zy03ZZQZQ0V94,42.7684021,-78.88710022,anonymous,5,6,4,6,9,9,1,9,2,1,1,2,8,7,2,6,2,5,4,7,2,6,4,7,4,2,2,5,2,7,5,5,22,1,1,3,950556696
10/27/2017 23:02,10/27/2017 23:07,174.216.16.205,100,264,1,R_1M4ywcuPRS42PNX,37.75100708,-97.8219986,anonymous,8,9,2,7,9,9,1,9,1,1,1,1,7,8,1,7,1,5,5,9,1,9,5,9,5,5,5,9,1,8,5,9,30,2,2,4,2413614029
10/27/2017 23:04,10/27/2017 23:08,68.185.244.145,100,258,1,R_3eeqiwlSglAi4Gs,32.53289795,-85.50779724,anonymous,4,4,5,5,7,7,3,7,4,4,3,3,5,4,2,6,3,5,4,5,5,4,4,5,6,5,5,5,5,5,5,5,42,1,1,4,5240826048
10/27/2017 23:07,10/27/2017 23:09,67.250.96.148,100,135,1,R_2WNKy6M1JW7oNtQ,40.59660339,-74.07749939,anonymous,5,5,5,5,7,7,5,8,2,2,1,5,5,5,5,5,5,5,5,5,5,6,4,5,5,2,4,3,5,7,4,5,25,2,4,1,64451001
10/27/2017 23:06,10/27/2017 23:11,108.220.48.128,100,313,1,R_BWlLKVXkO2fTliF,38.23179626,-122.5617981,anonymous,5,5,2,2,7,8,1,9,2,3,3,3,6,5,2,5,6,5,1,5,4,5,1,5,8,5,1,5,5,5,1,5,50,2,1,4,2302555740
10/28/2017 0:35,10/28/2017 0:37,174.205.20.122,100,178,1,R_1OiNpATtTBsSGR8,38.95199585,-77.01999664,anonymous,5,6,1,7,6,8,1,7,1,1,1,1,7,8,2,8,4,4,5,6,6,6,4,6,9,1,1,4,6,6,6,6,42,2,1,4,8302120221
10/28/2017 0:36,10/28/2017 0:39,75.136.58.148,100,153,1,R_29bkBoqSbym7WBR,35.67849731,-84.0848999,anonymous,5,5,3,5,9,9,1,9,1,9,1,1,5,6,4,5,2,5,4,6,1,6,6,6,7,1,3,4,3,6,4,7,25,1,1,2,572788916
10/28/2017 0:35,10/28/2017 0:40,73.187.102.51,100,274,1,R_C1QGwUoRU4Dwn6h,40.79750061,-77.90209961,anonymous,7,7,4,7,7,8,4,8,2,1,1,1,6,6,2,6,3,8,7,8,2,8,7,8,7,7,5,8,3,8,7,8,54,2,1,4,1118116263
10/28/2017 0:37,10/28/2017 0:42,199.244.51.224,100,290,1,R_3P4BRnrk1L2rWs0,40.76049805,-73.99330139,anonymous,4,7,7,6,9,9,6,8,8,6,7,9,9,6,6,6,7,8,8,5,7,5,7,9,8,8,5,8,9,9,9,3,28,2,3,2,2466899562
10/28/2017 0:47,10/28/2017 0:49,170.98.106.254,100,140,1,R_1IMcq4ldQGo9clu,35.73620605,-80.19309998,anonymous,3,4,4,3,9,9,1,9,2,2,2,1,6,5,1,4,2,6,1,3,2,3,1,3,8,2,1,3,2,3,1,3,32,2,1,4,1209040773
10/28/2017 0:48,10/28/2017 0:50,162.192.135.45,100,122,1,R_3maZe9ArKdRf40E,41.56509399,-81.56459808,anonymous,7,3,7,6,5,7,2,7,2,7,5,2,3,6,2,7,6,5,5,5,2,7,6,5,7,5,7,5,3,5,5,5,35,2,2,4,3463206426
10/28/2017 0:49,10/28/2017 0:51,173.88.208.182,100,153,1,R_302gSTaFOf5q0eO,40.89959717,-81.43959808,anonymous,6,3,3,4,7,7,2,7,2,3,2,2,3,5,3,3,5,4,3,3,3,5,3,4,6,3,5,3,3,3,3,4,45,2,1,4,8322212640
10/28/2017 0:49,10/28/2017 0:55,154.123.117.114,100,319,1,R_1jkQS2as4Xmwwcx,1,38,anonymous,6,7,6,6,9,4,2,9,4,1,1,1,4,4,5,3,4,5,4,7,5,9,5,7,6,4,6,7,6,9,8,7,36,2,2,4,3241528301
10/28/2017 0:51,10/28/2017 0:55,174.216.10.172,100,242,1,R_1gtoKgL0rAcLCJf,37.75100708,-97.8219986,anonymous,7,6,4,5,7,7,2,6,4,4,2,2,6,5,2,5,5,6,3,7,6,6,4,7,8,5,3,5,6,6,4,7,47,1,4,2,9311405592
10/28/2017 2:12,10/28/2017 2:15,67.185.210.144,100,207,1,R_POPPwPt833dcXn3,47.62869263,-117.4011002,anonymous,8,8,8,8,7,7,2,9,4,4,3,4,5,5,4,5,5,6,6,8,1,6,6,8,5,7,6,9,1,6,6,9,29,2,1,4,2030479620
10/28/2017 2:17,10/28/2017 2:21,107.218.152.167,100,203,1,R_9u8NagOfZKMJvC9,37.32389832,-121.9143982,anonymous,6,6,1,6,6,6,1,6,6,5,1,1,6,7,1,6,6,5,6,7,5,5,7,6,1,1,1,1,4,6,6,7,29,1,1,4,6918161642
10/28/2017 2:23,10/28/2017 2:26,145.129.42.133,100,152,1,R_20ThkhO0IDnIVNr,51.87399292,4.469299316,anonymous,6,6,4,6,3,3,2,4,3,3,2,3,5,5,3,5,5,5,5,5,3,5,5,5,7,5,5,5,5,5,5,5,29,1,1,4,7143175620
10/28/2017 2:24,10/28/2017 2:29,67.0.214.251,100,243,1,R_22s5J1FvEA3JlyV,35.14450073,-106.6446991,anonymous,8,7,5,7,7,7,2,7,3,3,3,4,8,7,2,7,1,1,1,6,1,1,1,6,6,1,1,5,1,5,1,5,52,2,1,4,2465780359
10/28/2017 2:47,10/28/2017 2:48,69.206.138.42,100,77,1,R_1rrnAgFTkvujrXB,41.93890381,-73.99009705,anonymous,5,5,9,7,6,3,8,7,8,9,9,5,7,7,5,7,8,5,4,8,9,6,9,5,6,7,7,8,3,5,6,6,35,1,1,4,9596103811
10/28/2017 3:09,10/28/2017 3:14,24.252.216.227,100,247,1,R_1eIF76QzroU0Cxa,32.19329834,-110.9894028,anonymous,6,7,4,7,4,5,3,7,4,4,3,4,4,6,3,6,4,5,5,5,4,5,5,5,5,5,5,5,4,6,5,5,22,1,1,4,7932440894
10/28/2017 3:11,10/28/2017 3:14,98.146.223.168,100,183,1,R_2rAcDXSmzVXYryT,46.7171936,-116.9179001,anonymous,6,6,4,6,8,8,2,8,2,2,4,2,6,5,3,6,2,5,2,5,2,5,2,5,7,5,2,5,2,5,2,5,29,1,1,4,5225212923
10/28/2017 3:15,10/28/2017 3:21,75.90.197.186,100,340,1,R_12sel8nPqCH2gAc,37.86470032,-84.56420135,anonymous,5,7,4,7,8,7,1,8,3,2,2,2,6,6,3,8,3,6,5,6,3,5,5,7,8,4,2,4,2,7,6,7,53,1,1,4,8207685249
10/28/2017 4:36,10/28/2017 4:40,99.178.171.80,100,263,1,R_2OOLWVIDtKayTqQ,35.71139526,-78.88619995,anonymous,8,7,6,6,9,9,3,9,2,3,2,2,7,7,2,7,2,6,6,7,3,6,6,7,7,6,6,7,2,6,6,7,30,1,1,4,5889615803
10/28/2017 4:36,10/28/2017 4:41,74.209.1.96,100,290,1,R_2uVSK60xCs6GZ9O,44.22569275,-70.0062027,anonymous,3,7,4,7,5,7,4,7,5,3,3,3,5,5,4,5,5,4,4,4,2,5,4,5,6,4,3,5,2,4,4,5,56,2,1,1,7430320787
10/28/2017 4:41,10/28/2017 4:43,75.121.232.162,100,177,1,R_1q8nrrWdayJbr7X,47.81730652,-122.530304,anonymous,3,5,1,6,4,4,1,4,1,1,1,1,5,5,1,4,5,1,2,5,6,5,5,5,9,1,1,2,1,5,1,5,37,2,1,4,958766928
10/28/2017 4:44,10/28/2017 4:47,173.25.89.15,100,182,1,R_2RWjrZWM7Uf2cHC,39.85420227,-88.15070343,anonymous,6,6,2,6,9,3,1,7,3,3,1,1,6,7,1,6,4,6,6,6,2,6,6,6,4,5,2,3,3,3,6,6,57,2,1,4,2675121110
10/28/2017 4:42,10/28/2017 4:48,73.28.137.0,100,359,1,R_RF9BwFO4oeQfxUR,27.04069519,-82.35250092,anonymous,7,7,1,8,8,9,2,9,2,4,1,2,9,8,1,8,1,5,5,5,2,5,5,5,8,2,5,5,2,5,5,5,69,1,1,4,6166442754
10/28/2017 4:47,10/28/2017 4:51,217.197.204.239,100,220,1,R_2aetOcMYjIItdhv,56,38.36669922,anonymous,6,6,3,7,8,8,3,8,3,3,1,4,6,6,4,7,3,3,1,5,3,2,2,5,8,2,2,7,3,2,2,5,56,1,1,4,6596166971
10/28/2017 5:01,10/28/2017 5:05,24.169.20.99,100,228,1,R_2Ez5owXAwHmfH4Q,42.66099548,-73.75930023,anonymous,8,8,4,7,8,8,6,7,6,3,2,3,7,8,3,7,2,5,5,5,3,5,5,5,4,5,5,5,3,5,5,5,30,2,1,4,7095032222
10/28/2017 5:06,10/28/2017 5:09,47.34.107.228,100,189,1,R_3fcUnbOLYfjux9o,38.49809265,-90.45999908,anonymous,6,6,3,7,9,9,1,9,5,3,2,3,7,3,1,4,3,1,1,4,7,5,1,3,9,1,8,3,4,3,1,3,40,2,1,4,6440695459
10/28/2017 5:10,10/28/2017 5:13,184.90.247.11,100,179,1,R_28J4aDrOcDZzSDc,28.48069763,-81.55180359,anonymous,3,4,1,5,3,9,9,9,3,1,1,2,3,1,1,5,3,1,1,1,5,2,1,2,5,1,1,1,4,1,3,1,28,1,1,4,1249900880
10/28/2017 6:10,10/28/2017 6:13,173.169.173.174,100,167,1,R_bkr2tJbeeIh8BsB,28.19110107,-81.60679626,anonymous,4,5,1,7,8,9,6,7,4,3,3,4,7,6,1,6,3,1,1,5,3,5,1,1,8,5,1,1,7,5,1,1,48,1,1,4,7093718806
10/28/2017 6:09,10/28/2017 6:13,64.71.171.45,100,228,1,R_OBR2EZ4nbqNsQX7,37.54969788,-121.9620972,anonymous,5,6,4,6,7,7,2,8,3,3,8,7,5,5,3,5,3,5,1,5,2,5,2,6,4,5,1,5,2,2,1,5,30,2,1,4,333796563
10/28/2017 6:12,10/28/2017 6:15,75.138.254.47,100,219,1,R_DvkyO5RC2HtNvLb,35.71740723,-86.89260101,anonymous,4,4,1,3,7,6,2,6,1,1,1,1,4,5,1,4,6,1,1,1,3,1,1,1,9,1,1,1,4,1,1,1,41,1,1,4,852087532
10/28/2017 6:15,10/28/2017 6:18,67.190.241.83,100,164,1,R_2D7AegFsLqNBcyN,30.26559448,-81.77799988,anonymous,3,7,5,5,8,6,1,5,1,1,1,2,7,7,4,5,5,5,5,5,6,8,5,5,3,7,1,5,2,6,7,4,23,2,1,3,3871866334
10/28/2017 6:15,10/28/2017 6:19,69.242.113.177,100,227,1,R_3PTSMTW1BZ9devb,39.73510742,-75.66840363,anonymous,6,7,3,7,7,8,3,7,4,2,1,1,6,7,2,6,2,5,5,5,3,6,5,5,8,3,2,5,1,5,5,6,58,2,1,4,5638915859
10/28/2017 6:19,10/28/2017 6:24,104.138.172.71,100,291,1,R_1K7obWfvb6yH2tH,36.00790405,-80.36969757,anonymous,5,8,1,6,4,6,1,9,1,1,1,1,7,7,5,7,1,8,7,8,1,7,7,9,9,2,1,4,1,8,7,8,38,2,2,4,3218643549
10/28/2017 6:21,10/28/2017 6:24,142.196.83.21,100,158,1,R_xnFdpQ2bPfeUlmF,28.75889587,-81.31780243,anonymous,8,8,4,8,8,9,1,6,4,2,1,3,6,6,3,8,2,5,5,5,2,5,4,5,6,4,3,5,2,5,5,5,34,2,4,4,3610644639
10/28/2017 6:18,10/28/2017 6:25,184.170.76.253,100,460,1,R_12KdZvViLUANrwU,37.10350037,-80.42070007,anonymous,4,2,2,4,9,7,1,9,2,1,1,1,4,5,2,6,7,3,2,7,3,4,2,4,1,3,2,4,5,4,7,6,31,2,1,4,8495814325
10/28/2017 6:49,10/28/2017 6:53,68.9.248.226,100,212,1,R_wQVhOugvr1NjB4J,41.69790649,-72.72370148,anonymous,7,8,5,9,9,7,3,9,2,2,2,2,6,7,2,6,1,5,5,7,3,7,5,7,7,7,5,7,1,8,5,7,36,2,1,4,3773519346
10/28/2017 7:42,10/28/2017 7:43,206.123.250.34,100,102,1,R_3mlAgPnBL2bDYEe,40.54649353,-80.05249786,anonymous,6,4,7,3,3,5,5,5,9,1,5,2,2,7,7,2,3,3,7,6,7,4,7,4,5,5,8,4,4,6,6,6,25,2,1,4,7737449216
10/28/2017 7:42,10/28/2017 7:44,47.223.89.219,100,123,1,R_1kRiXyyJIpJ2Mvv,33.62010193,-95.60030365,anonymous,7,6,3,7,6,9,7,9,1,3,2,4,9,9,1,9,4,4,2,6,6,1,3,7,7,3,3,7,6,2,4,6,39,2,1,3,1557537988
10/28/2017 7:42,10/28/2017 7:46,100.0.240.12,100,235,1,R_217cuNxLV05EjC8,42.42469788,-71.11119843,anonymous,8,8,5,9,7,4,4,6,6,3,3,2,6,4,4,5,2,5,5,5,1,5,5,5,7,5,5,5,2,5,5,5,54,1,1,4,8241990730
10/28/2017 7:42,10/28/2017 7:46,165.227.6.129,100,206,1,R_BVR1tLXmHuH0Nwt,37.35009766,-121.9853973,anonymous,6,7,3,7,7,5,3,6,6,4,2,3,5,6,3,7,3,6,3,8,2,5,5,7,7,5,5,7,2,6,3,8,55,2,1,4,1741227205
10/28/2017 7:42,10/28/2017 7:46,75.73.114.233,100,216,1,R_AFdGFTGX7H8j65X,45.1578064,-93.32039642,anonymous,3,5,2,5,4,4,2,6,1,1,1,5,6,6,1,5,4,3,1,4,4,2,2,4,7,1,1,7,4,2,1,5,57,1,1,4,8721477091
10/28/2017 7:44,10/28/2017 7:47,65.50.14.154,100,189,1,R_bryryvJANrAR5br,34.46299744,-84.15100098,anonymous,4,4,3,4,8,8,3,7,2,2,2,2,2,7,2,7,2,7,7,5,2,7,6,3,3,3,2,7,3,7,7,3,32,2,4,4,4799746182
10/28/2017 7:44,10/28/2017 7:49,162.72.107.201,100,297,1,R_1ih9cbtAKgSXsUd,41.84240723,-86.42340088,anonymous,8,8,1,7,9,9,1,8,1,1,1,1,5,5,1,5,1,5,5,5,2,5,1,5,7,1,1,5,2,5,5,5,59,2,1,4,4292963096
10/28/2017 7:51,10/28/2017 7:54,74.215.255.177,100,172,1,R_1i3BRX21QhTE4sO,39.1546936,-84.38890076,anonymous,7,8,4,7,7,9,1,9,1,1,1,1,7,5,2,6,3,5,5,5,1,7,5,6,7,7,5,5,2,6,6,5,32,2,1,4,8521994976
10/28/2017 8:44,10/28/2017 8:48,99.194.252.14,100,239,1,R_3L6hgDNPuWVC1qG,30.40660095,-87.68360138,anonymous,8,8,5,8,8,9,1,9,2,3,1,2,5,7,2,5,2,7,6,8,2,7,6,8,7,7,6,8,3,7,6,8,44,2,1,4,5709946728
10/28/2017 9:16,10/28/2017 9:18,72.186.35.27,100,144,1,R_cMjgShWnwdPwkF3,28.21580505,-82.6595993,anonymous,5,5,1,6,9,9,1,9,3,1,1,4,7,5,1,5,1,1,1,1,1,1,1,1,9,1,1,1,1,5,1,1,37,2,1,4,7373517547
10/28/2017 9:17,10/28/2017 9:19,72.49.118.252,100,117,1,R_cwOHZDexXLKAJTH,39.02400208,-84.56240082,anonymous,3,3,3,3,1,1,1,2,3,1,1,1,3,3,7,4,7,3,3,7,7,6,3,4,7,4,2,5,3,2,3,3,23,1,1,4,3935966180
10/28/2017 9:16,10/28/2017 9:20,98.64.66.235,100,194,1,R_25ZRy9RZAD5LvLi,25.9828949,-80.27940369,anonymous,5,6,3,8,5,6,1,6,2,3,1,1,5,6,2,6,3,4,3,6,1,7,8,7,7,5,3,6,3,7,5,8,62,2,1,3,8555394876
10/28/2017 9:16,10/28/2017 9:20,107.77.236.171,100,215,1,R_1BQSz1AFzjvicM5,33.74899292,-84.38800049,anonymous,8,9,1,5,1,9,1,9,1,1,1,1,1,8,1,1,1,8,1,5,1,7,6,7,9,1,1,1,1,5,7,7,60,2,2,4,3294696850
10/28/2017 9:16,10/28/2017 9:20,174.196.144.113,100,229,1,R_1mgxcqVmmo3WRB0,36.19999695,-86.51860046,anonymous,7,6,3,7,5,6,3,8,3,3,3,3,7,7,2,7,2,1,6,6,1,6,5,5,8,3,2,5,2,6,6,5,44,2,1,4,9413243387
10/28/2017 9:17,10/28/2017 9:21,24.118.251.139,100,210,1,R_1dmqOc1SkCOceJN,44.99229431,-92.959198,anonymous,6,7,4,7,6,7,1,7,5,4,3,3,6,6,2,5,2,6,5,9,2,6,5,9,7,5,4,9,2,6,5,9,33,1,1,4,6165487114
10/28/2017 9:17,10/28/2017 9:21,68.112.92.182,100,257,1,R_1Q6eH6NCXb1yhYz,35.81880188,-84.23100281,anonymous,6,6,2,6,9,7,1,8,4,3,2,4,7,7,2,8,2,8,7,5,2,8,6,5,7,2,3,5,1,6,6,5,30,2,1,4,2049182300
10/28/2017 9:18,10/28/2017 9:21,155.186.163.202,100,171,1,R_3PjIVZia1ZG2klk,33.23440552,-83.88800049,anonymous,5,5,3,5,9,9,5,9,1,1,1,1,6,6,3,7,2,1,1,5,4,5,1,5,4,3,1,5,5,3,1,5,54,2,1,4,6052569286
10/28/2017 9:17,10/28/2017 9:26,98.231.196.23,100,524,1,R_1oAyp0J5qJXoCkI,38.64190674,-77.34629822,anonymous,6,7,4,5,6,9,3,7,1,1,1,3,5,4,2,6,5,5,5,5,4,5,5,5,6,5,5,5,5,5,5,5,27,2,4,4,5190977138
10/28/2017 10:47,10/28/2017 10:49,68.11.166.119,100,79,1,R_2xRBdwv8mwQKtSc,30.48930359,-91.07420349,anonymous,7,5,6,6,6,7,6,4,7,6,7,6,5,7,7,5,5,7,6,3,5,5,8,7,7,6,7,8,7,4,4,4,21,2,2,3,917614070
10/28/2017 10:47,10/28/2017 10:49,68.205.67.207,100,153,1,R_2PA8r7vzeJYwfeA,28.53410339,-81.16470337,anonymous,6,7,5,7,6,6,6,8,5,3,3,3,7,3,2,7,4,5,6,7,4,8,6,7,9,4,5,5,4,6,7,7,28,2,1,3,2107051807
10/28/2017 10:47,10/28/2017 10:50,73.213.108.85,100,142,1,R_9L8dzm2vGXANcUV,38.8789978,-76.9897995,anonymous,7,7,6,7,9,7,1,7,2,3,2,2,6,5,4,5,2,7,7,7,2,7,7,9,5,7,7,9,2,7,7,9,42,1,1,4,3974004369
10/28/2017 10:47,10/28/2017 10:50,172.58.25.160,100,158,1,R_3EASZh8ItB70zyJ,34.02810669,-117.9328003,anonymous,7,7,3,8,6,3,2,7,1,1,1,1,8,8,2,8,2,6,6,5,2,6,5,5,8,4,4,5,2,6,6,5,40,1,4,4,4651779956
10/28/2017 10:48,10/28/2017 10:50,72.178.17.18,100,129,1,R_1qUMaUP0Yw6u8cp,31.90229797,-106.4065018,anonymous,5,9,1,5,3,9,1,7,1,9,1,3,1,7,1,5,3,5,5,8,5,5,6,5,9,1,1,1,1,6,9,4,29,1,1,4,6535545443
10/28/2017 10:50,10/28/2017 10:51,162.231.57.35,100,71,1,R_vSUFMBuFB2vV7Hz,32.73680115,-117.1277008,anonymous,5,9,8,7,6,6,7,9,6,4,5,8,7,8,6,6,6,6,6,5,6,5,7,4,6,7,7,6,7,6,6,7,33,1,1,4,9367052917
10/28/2017 10:48,10/28/2017 10:51,99.180.68.124,100,183,1,R_21txDBt1eEcv6Wx,34.30209351,-118.7207947,anonymous,7,7,2,7,9,8,1,8,2,4,3,3,8,7,7,8,1,6,7,9,2,8,9,9,7,1,4,5,1,6,6,7,22,2,3,4,1053214255
10/28/2017 10:48,10/28/2017 10:51,71.71.88.87,100,176,1,R_1OrGeWIFlywHKAP,36.12420654,-80.63510132,anonymous,2,6,5,3,9,6,5,9,1,1,1,1,7,4,1,6,6,9,8,9,7,7,9,9,8,7,9,9,1,6,9,9,28,1,1,4,8042586739
10/28/2017 10:48,10/28/2017 10:52,75.86.32.29,100,258,1,R_2s0YXv8jHIteo74,43.06869507,-87.97669983,anonymous,7,7,4,6,8,7,2,7,4,3,3,4,7,7,3,6,3,6,5,7,2,7,6,7,7,4,4,6,2,7,6,7,52,2,1,4,9623304186
10/28/2017 12:22,10/28/2017 12:25,184.18.169.141,100,173,1,R_1oo3h3vDqVtRUj7,41.09959412,-85.06349945,anonymous,5,5,3,5,5,9,1,5,1,1,1,1,7,5,1,7,3,1,1,6,5,1,1,1,9,1,1,7,5,1,1,7,31,1,1,4,6003770628
10/28/2017 12:22,10/28/2017 12:25,63.231.154.65,100,186,1,R_3J4quLKefzNFz4f,44.92500305,-93.2881012,anonymous,5,5,3,6,3,4,2,4,4,3,2,4,6,6,2,6,3,5,5,5,3,5,5,5,2,5,3,5,4,5,5,5,31,1,1,3,4211364072
10/28/2017 12:22,10/28/2017 12:25,72.82.134.119,100,191,1,R_6DJvdJRERkAxbxL,39.69689941,-75.125,anonymous,5,5,5,5,9,9,1,9,1,1,1,1,6,6,5,7,1,1,1,5,1,5,1,5,1,1,1,5,1,1,1,5,37,2,1,4,2812070181
10/28/2017 12:21,10/28/2017 12:25,64.183.42.97,100,283,1,R_1pyDogfMwqVurF1,34.0092926,-118.2584,anonymous,6,4,4,4,3,7,3,6,4,3,3,3,7,3,6,7,3,6,4,6,3,5,4,6,5,4,4,5,3,4,5,5,26,1,3,3,3465352035
10/28/2017 12:22,10/28/2017 12:26,74.215.74.227,100,263,1,R_2VQh63JArZk7W9X,39.206604,-84.39640045,anonymous,7,6,4,6,7,8,1,9,6,3,3,3,5,6,3,5,2,5,1,5,2,4,1,4,8,2,1,6,1,3,3,3,55,1,1,4,8473531175
10/28/2017 12:23,10/28/2017 12:27,98.176.112.10,100,208,1,R_9yvffOMA95mJztD,32.64120483,-116.9859009,anonymous,7,8,4,7,7,9,1,9,1,1,1,1,3,5,1,7,1,6,6,9,2,9,9,9,9,9,5,9,5,7,9,9,24,2,5,4,5284566842
10/28/2017 12:20,10/28/2017 12:27,66.30.159.146,100,447,1,R_27UchVTODjUOo9e,42.16960144,-71.06060028,anonymous,3,7,2,5,9,9,1,8,3,2,8,3,5,7,2,5,3,5,4,5,4,7,2,5,8,7,7,7,2,3,1,3,25,2,2,4,387387560
10/28/2017 12:21,10/28/2017 12:29,107.77.173.3,100,438,1,R_1OB6lOKxjvaopMA,41.84829712,-87.65170288,anonymous,5,5,3,5,9,9,1,9,2,2,1,2,8,7,1,7,1,7,3,6,1,5,5,6,8,3,2,9,1,6,5,6,35,1,1,4,5718638687
10/28/2017 13:23,10/28/2017 13:28,71.12.221.200,100,316,1,R_WuKRfNMnCDnyuul,36.21910095,-81.65630341,anonymous,7,7,5,7,7,7,4,6,3,3,3,3,6,7,3,6,3,8,5,7,2,7,5,7,4,8,5,7,1,7,6,7,24,1,1,4,9441346153
10/28/2017 13:53,10/28/2017 13:55,64.134.234.54,100,134,1,R_bwJmcKCgo22uVXP,34.05439758,-118.2440033,anonymous,6,5,1,6,9,9,1,9,1,1,1,1,5,6,1,5,5,6,6,6,2,6,6,6,9,2,2,1,2,6,6,6,38,1,1,4,6513479301
10/28/2017 13:53,10/28/2017 13:55,75.38.182.192,100,108,1,R_1oosdhygPhtW4gP,42.5644989,-83.06469727,anonymous,4,4,1,4,1,1,2,1,1,1,1,1,7,7,2,6,3,1,1,1,3,1,1,1,8,1,1,1,3,1,1,1,31,1,1,4,6313507901
10/28/2017 13:53,10/28/2017 13:55,67.177.39.141,100,79,1,R_WCnRnbFhB9tB6c9,40.71499634,-111.8934021,anonymous,2,3,5,1,5,9,1,1,5,1,1,1,1,5,1,1,3,5,1,3,7,7,3,2,2,2,2,2,4,3,2,3,38,1,1,4,2668250911
10/28/2017 13:53,10/28/2017 13:55,104.181.143.222,100,132,1,R_2rIdbQ06M9f5WkO,34.08810425,-117.464798,anonymous,5,5,5,5,9,9,1,9,1,9,1,5,5,6,5,6,5,5,5,5,5,5,5,5,5,5,5,5,5,5,5,5,28,2,3,4,112589291
10/28/2017 13:53,10/28/2017 13:56,138.128.246.20,100,167,1,R_AsQNmzdywmTEYkp,40.73910522,-73.98259735,anonymous,8,7,3,8,8,8,3,3,8,6,2,8,8,8,3,8,7,3,8,8,7,7,8,9,3,3,4,2,6,3,7,7,29,1,2,3,8931999593
10/28/2017 13:54,10/28/2017 13:57,98.239.128.37,100,171,1,R_3gOsS2d5g4TNS1f,40.44389343,-79.95610046,anonymous,6,7,3,7,9,9,7,9,1,1,1,1,7,5,2,7,2,5,5,5,5,5,5,6,2,5,5,2,5,5,5,6,29,1,1,3,5711947358
10/28/2017 13:55,10/28/2017 13:59,172.9.152.189,100,218,1,R_2WNetaBBYh2Jfi2,35.70930481,-80.45230103,anonymous,5,5,4,5,4,4,1,2,4,4,2,3,4,6,2,5,6,2,1,5,4,2,2,5,8,1,1,2,6,2,2,5,66,1,1,4,7486704271
10/28/2017 13:56,10/28/2017 13:59,174.223.0.156,100,164,1,R_2SAAOkxYxcEd6hV,32.36169434,-86.13359833,anonymous,5,6,4,2,3,6,2,2,7,6,1,7,2,7,1,5,2,7,3,8,2,8,7,7,8,7,2,8,1,4,6,7,27,2,2,4,3030466307
10/28/2017 14:48,10/28/2017 14:52,74.215.56.46,100,225,1,R_V42E8nXOdxgjEpr,39.15789795,-84.59660339,anonymous,5,5,5,6,7,9,1,8,3,3,2,2,5,6,5,5,2,5,5,5,3,5,5,5,6,5,5,5,3,5,5,5,33,2,1,4,792278960
10/28/2017 15:27,10/28/2017 15:29,68.204.11.187,100,155,1,R_2Y9Q91lIHijZRRf,28.68119812,-81.27629852,anonymous,9,9,1,9,9,9,1,9,1,1,1,1,9,9,1,9,1,9,9,9,1,9,9,9,9,5,1,9,1,9,9,9,32,2,1,4,336553571
10/28/2017 15:29,10/28/2017 15:32,66.87.132.120,100,167,1,R_2OZ19y3fwX5vsdg,34.88890076,-81.0236969,anonymous,7,7,2,8,9,9,1,9,2,1,1,1,6,8,1,8,2,6,6,7,2,6,6,7,8,5,3,2,2,7,6,7,33,2,3,4,4401741745
10/28/2017 15:29,10/28/2017 15:32,152.130.6.4,100,171,1,R_Rwrme7A8Z1EsVjj,41.30940247,-72.9240036,anonymous,6,6,2,7,9,8,2,8,1,1,1,1,6,5,3,4,1,6,3,5,1,5,2,5,7,3,1,5,2,6,2,5,41,2,1,4,1425147006
10/28/2017 15:27,10/28/2017 15:33,37.157.215.70,100,329,1,R_2sWN9RL16EjfzcI,40.18110657,44.51359558,anonymous,5,6,4,7,8,2,1,8,3,2,2,2,7,7,6,6,3,5,7,5,3,3,6,5,3,6,5,5,3,7,7,5,27,1,1,4,192957232
10/28/2017 15:31,10/28/2017 15:34,99.69.31.34,100,190,1,R_2f6DcUVTolPJzIg,29.63330078,-90.67320251,anonymous,8,8,5,8,9,9,1,9,1,1,1,1,8,8,2,8,1,9,8,8,1,8,8,8,5,7,8,8,1,8,7,8,27,2,1,4,7113523227
10/28/2017 15:31,10/28/2017 15:36,98.248.202.83,100,318,1,R_dbxBBpi3zuwWfyF,37.77349854,-122.278801,anonymous,4,6,2,6,3,8,1,7,2,2,1,2,5,7,1,7,7,6,6,6,1,7,5,7,9,1,1,3,4,5,6,7,31,2,3,4,8789525786
10/28/2017 15:30,10/28/2017 15:36,47.136.26.49,100,357,1,R_2scGttDXOXO0gTm,34.10400391,-117.6641998,anonymous,5,5,5,5,9,9,1,9,2,2,2,2,5,5,2,7,1,6,1,6,1,2,1,6,1,6,1,6,1,2,1,6,57,2,2,4,4144554110
10/28/2017 15:34,10/28/2017 15:37,184.191.56.104,100,193,1,R_3mlxZFlECs9lwLi,30.00999451,-90.16280365,anonymous,7,5,5,8,4,7,1,8,1,1,1,1,5,6,1,8,2,6,5,9,3,6,6,9,8,8,3,9,2,8,3,9,58,2,1,4,7241064925
10/28/2017 16:01,10/28/2017 16:05,68.117.162.105,100,195,1,R_2RQW5KYfR3v35VJ,33.42010498,-86.78669739,anonymous,7,5,7,7,6,5,1,7,1,1,1,3,1,6,7,5,7,5,5,6,1,6,7,5,6,5,5,7,7,6,5,2,19,1,2,4,3423468634
10/28/2017 16:58,10/28/2017 17:01,172.58.104.47,100,182,1,R_AEygTcsvywGrnWx,32.7881012,-96.94309998,anonymous,7,5,3,6,9,9,1,4,1,1,1,1,9,9,1,9,7,8,3,8,2,6,2,6,8,3,1,2,2,5,6,6,30,2,2,4,8923006011
10/28/2017 16:59,10/28/2017 17:03,73.171.241.128,100,211,1,R_6QH9Gb9frSECPId,30.17959595,-81.51820374,anonymous,6,5,3,5,6,6,6,7,4,4,4,4,5,7,5,5,3,4,4,5,3,3,5,4,5,3,3,4,4,3,3,4,32,1,4,3,9810501211
10/28/2017 16:59,10/28/2017 17:03,174.66.194.185,100,213,1,R_3Jz6ScClCE50Egk,41.46980286,-81.84940338,anonymous,5,5,5,5,8,8,8,8,2,2,1,2,6,6,4,7,2,5,5,5,4,5,5,5,6,5,5,4,2,5,5,5,39,1,1,4,3934823834
10/28/2017 17:01,10/28/2017 17:04,65.35.45.208,100,195,1,R_6Rapp0lZ0SJNBfj,27.91119385,-82.75509644,anonymous,6,6,3,7,7,9,4,7,7,3,4,3,4,5,2,8,1,6,6,7,3,6,5,7,2,3,3,7,3,7,4,6,35,2,1,4,2330727228
10/28/2017 17:02,10/28/2017 17:04,172.58.6.250,100,151,1,R_3stceqAd1IoPYvN,33.78439331,-84.21350098,anonymous,4,5,5,5,5,5,4,4,5,4,5,4,4,5,4,7,5,6,6,5,4,7,5,5,6,5,5,4,5,4,7,5,26,2,1,4,2780573527
10/28/2017 17:02,10/28/2017 17:05,97.106.139.198,100,184,1,R_3hbvos4si9aU7sY,28.02879333,-82.76889801,anonymous,3,7,4,7,9,7,3,9,3,5,2,3,7,6,1,5,2,5,4,6,5,6,5,3,9,3,3,4,4,6,5,6,35,2,1,4,7625789828
10/28/2017 17:01,10/28/2017 17:05,67.40.32.142,100,266,1,R_QfT1klzPcxLNa9P,39.72900391,-104.9527969,anonymous,6,6,4,6,7,4,2,5,3,4,3,6,7,6,2,7,3,3,2,4,4,2,3,5,6,2,1,3,3,3,2,5,39,1,1,3,1752179042
10/28/2017 17:03,10/28/2017 17:05,24.158.195.220,100,144,1,R_290QwXPVXL2vSFy,36.53649902,-82.46980286,anonymous,6,6,6,7,9,8,2,6,3,2,3,2,6,6,2,6,2,6,5,5,3,5,4,6,7,6,3,6,3,6,6,4,35,2,3,4,1557526035
10/28/2017 17:32,10/28/2017 17:37,24.183.50.165,100,285,1,R_1gnFBuIZKBj6hLE,43.02859497,-89.51809692,anonymous,7,7,5,7,9,7,2,9,2,1,1,2,6,6,2,6,1,7,7,7,1,7,7,7,7,6,5,7,3,7,7,7,32,2,1,4,4036183651
10/28/2017 18:31,10/28/2017 18:34,99.13.93.254,100,155,1,R_2Qyd5mlEDiqxeW4,35.13589478,-90.00270081,anonymous,9,9,1,9,9,1,1,9,5,1,5,1,5,9,1,9,1,5,9,5,1,9,5,9,9,1,5,1,1,5,9,9,22,2,2,4,6340107652
10/28/2017 18:31,10/28/2017 18:35,66.187.171.199,100,207,1,R_AnTv2poJwyIk0ox,35.88259888,-80.896698,anonymous,5,7,4,6,6,6,2,7,4,1,2,1,6,5,2,5,3,5,6,6,5,5,5,6,4,2,2,4,5,6,5,6,71,2,1,4,8980842018
10/28/2017 18:32,10/28/2017 18:35,108.88.175.151,100,174,1,R_2vjgbEna1czIpt3,42.52000427,-83.55169678,anonymous,5,6,3,6,7,6,5,3,2,3,2,4,6,6,2,7,4,4,4,5,4,2,1,4,8,2,2,2,3,3,2,2,53,1,1,4,4295769441
10/28/2017 18:32,10/28/2017 18:35,24.188.21.232,100,199,1,R_1eIVcY0t13kG56B,40.84609985,-74.59140015,anonymous,5,5,2,5,6,6,2,7,4,4,2,4,5,5,2,6,3,5,2,5,3,4,1,5,8,2,2,3,5,5,1,5,56,1,1,4,1495521386
10/28/2017 18:33,10/28/2017 18:36,47.41.28.147,100,186,1,R_3lEc7Nz2Xbczbwx,33.78239441,-118.1444016,anonymous,7,7,7,7,6,6,4,8,4,3,3,4,7,7,3,7,1,6,5,7,3,6,6,6,4,6,6,7,2,6,6,7,41,2,1,4,6851571267
10/28/2017 18:34,10/28/2017 18:36,73.41.174.247,100,140,1,R_2YGwa4IfNDdgDLW,38.58309937,-121.4920959,anonymous,5,6,2,5,5,9,2,9,3,1,1,1,8,9,1,8,1,9,8,3,1,9,7,5,9,2,2,5,1,8,8,5,30,2,1,4,6421196852
10/28/2017 18:36,10/28/2017 18:38,162.226.190.29,100,120,1,R_2rvFtAeSii6P7Wf,33.87030029,-117.9253006,anonymous,4,4,2,4,9,9,1,9,1,1,1,1,9,9,1,9,1,5,5,5,1,5,5,5,9,4,1,5,1,5,5,5,26,1,1,4,2068881481
10/28/2017 18:33,10/28/2017 18:38,73.190.178.7,100,276,1,R_1E4HYlChmvg9gHV,35.97239685,-84.29039764,anonymous,5,6,5,6,7,9,3,9,1,1,1,1,6,5,2,6,6,7,7,7,5,6,7,6,7,7,6,7,6,6,7,7,36,1,1,4,4444103492
10/28/2017 19:23,10/28/2017 19:26,73.99.90.196,100,198,1,R_3fjTT7SdXmYcgYj,38.08880615,-78.55919647,anonymous,5,3,2,3,7,6,1,6,4,4,2,3,5,6,1,7,3,6,5,5,3,6,6,5,6,6,6,5,4,5,6,6,31,2,1,4,5388973323
10/28/2017 20:05,10/28/2017 20:08,24.23.244.168,100,173,1,R_1odPP6iYWZubYc7,37.84489441,-122.2375946,anonymous,6,6,3,7,7,7,3,8,4,4,2,3,5,7,3,7,3,6,6,5,2,6,5,5,7,5,4,6,3,4,6,5,46,1,1,4,9355040318
10/28/2017 20:05,10/28/2017 20:08,65.34.146.213,100,229,1,R_rqLBkkHC2R2GvK1,26.24420166,-80.2059021,anonymous,5,6,4,5,6,6,2,7,2,2,2,2,6,6,3,6,4,5,5,5,2,5,5,5,5,5,5,5,2,5,5,5,59,1,1,4,7252950151
